report_id,text,need_type,urgency_score,people_affected,latitude,longitude,timestamp
R1,No food for 4 days,food,0.66,29,23.1066,72.6069,2026-04-28 03:15:04.394879
R2,People starving,food,0.7,21,23.1169,72.5631,2026-04-27 07:15:04.394903
R3,People homeless,shelter,0.94,17,23.132,72.6714,2026-04-25 04:15:04.394920
R4,Students affected,education,0.89,132,23.0852,72.559,2026-04-26 18:15:04.394930
R5,No drinking water,water,0.99,29,23.1321,72.6694,2026-04-26 05:15:04.394939
R6,Students affected,education,0.86,35,23.1921,72.5171,2026-04-27 18:15:04.394948
R7,Food shortage in area,food,0.9,76,23.0698,72.6521,2026-04-27 17:15:04.394956
R8,People starving,food,0.75,95,23.0441,72.5476,2026-04-27 23:15:04.394971
R9,No food for 2 days,food,0.91,67,23.0358,72.5863,2026-04-24 15:15:04.394981
R10,No electricity in school,education,0.79,112,23.0573,72.5628,2026-04-25 15:15:04.394990
R11,Patient critical,medical,0.9,99,23.1301,72.6084,2026-04-27 11:15:04.394998
R12,People homeless,shelter,0.65,3,23.0576,72.555,2026-04-26 21:15:04.395006
R13,Need shelter after rain,shelter,0.93,114,23.1538,72.5788,2026-04-26 06:15:04.395013
R14,No food for 3 days,food,0.82,27,23.1308,72.5617,2026-04-28 08:15:04.395022
R15,Houses damaged,shelter,0.62,102,23.0846,72.6596,2026-04-27 09:15:04.395030
R16,People starving,food,0.9,76,23.1387,72.6181,2026-04-27 02:15:04.395038
R17,Water shortage,water,0.7,18,23.0294,72.6849,2026-04-25 05:15:04.395046
R18,Houses damaged,shelter,1.0,55,23.1229,72.6619,2026-04-24 11:15:04.395054
R19,Medical emergency,medical,0.82,49,23.1425,72.5071,2026-04-26 12:15:04.395062
R20,Students affected,education,0.71,80,23.0474,72.6885,2026-04-25 19:15:04.395070
R21,Need clean water,water,0.71,122,23.056,72.6031,2026-04-24 22:15:04.395078
R22,People homeless,shelter,0.79,47,23.0011,72.5999,2026-04-24 09:15:04.395085
R23,Need clean water,water,0.97,102,23.1515,72.607,2026-04-25 21:15:04.395094
R24,No electricity in school,education,0.9,76,23.095,72.6843,2026-04-27 20:15:04.395101
R25,Houses damaged,shelter,0.9,57,23.1164,72.6917,2026-04-25 17:15:04.395109
R26,Patient critical,medical,0.98,53,23.1499,72.5855,2026-04-24 07:15:04.395116
R27,Houses damaged,shelter,0.68,131,23.1255,72.5246,2026-04-27 00:15:04.395124
R28,Patient critical,medical,1.0,142,23.0382,72.5018,2026-04-27 03:15:04.395131
R29,Food shortage in area,food,0.61,147,23.1638,72.6762,2026-04-24 09:15:04.395139
R30,Water shortage,water,0.85,87,23.1396,72.5876,2026-04-25 19:15:04.395151
R31,No electricity in school,education,0.83,124,23.1667,72.6812,2026-04-26 16:15:04.395159
R32,Need clean water,water,0.85,55,23.0093,72.5918,2026-04-25 04:15:04.395166
R33,Patient critical,medical,0.8,4,23.1914,72.623,2026-04-26 15:15:04.395174
R34,No drinking water,water,0.65,132,23.0831,72.6513,2026-04-25 09:15:04.395182
R35,People homeless,shelter,0.62,54,23.0804,72.5186,2026-04-28 00:15:04.395189
R36,School closed,education,0.86,85,23.1428,72.6899,2026-04-25 21:15:04.395197
R37,Students affected,education,0.72,34,23.0716,72.5666,2026-04-28 05:15:04.395204
R38,People homeless,shelter,0.73,54,23.0986,72.6877,2026-04-28 07:15:04.395211
R39,Medical emergency,medical,0.72,97,23.0389,72.5946,2026-04-27 06:15:04.395219
R40,People homeless,shelter,0.86,146,23.0028,72.5021,2026-04-25 07:15:04.395243
R41,No food for 2 days,food,0.87,23,23.1076,72.5119,2026-04-27 19:15:04.395251
R42,Patient critical,medical,0.7,1,23.0199,72.5569,2026-04-25 15:15:04.395259
R43,Food shortage in area,food,0.66,121,23.1611,72.6687,2026-04-25 17:15:04.395267
R44,Students affected,education,0.69,40,23.1978,72.5567,2026-04-25 16:15:04.395274
R45,Patient critical,medical,0.9,26,23.0224,72.593,2026-04-26 03:15:04.395282
R46,Food shortage in area,food,0.83,71,23.194,72.6154,2026-04-28 02:15:04.395289
R47,Patient critical,medical,0.65,60,23.1248,72.5282,2026-04-24 09:15:04.395297
R48,Medical emergency,medical,0.91,106,23.186,72.5261,2026-04-26 15:15:04.395305
R49,Food shortage in area,food,0.98,123,23.0653,72.6383,2026-04-24 05:15:04.395316
R50,Food shortage in area,food,1.0,100,23.1645,72.6633,2026-04-24 15:15:04.395323
R51,No food for 2 days,food,0.71,35,23.0717,72.6858,2026-04-26 21:15:04.395331
R52,No food for 5 days,food,0.9,130,23.1246,72.5329,2026-04-24 22:15:04.395338
R53,Need shelter after rain,shelter,0.65,118,23.1308,72.621,2026-04-28 07:15:04.395346
R54,Medical emergency,medical,0.67,102,23.1272,72.5647,2026-04-24 21:15:04.395353
R55,People homeless,shelter,0.96,51,23.0474,72.6588,2026-04-26 02:15:04.395360
R56,People starving,food,0.95,49,23.0795,72.5376,2026-04-26 17:15:04.395370
R57,Injury needs urgent help,medical,0.69,80,23.0457,72.6087,2026-04-24 11:15:04.395378
R58,People starving,food,0.77,59,23.0923,72.6638,2026-04-25 07:15:04.395385
R59,Water shortage,water,0.88,68,23.1258,72.6152,2026-04-28 08:15:04.395393
R60,Medical emergency,medical,0.76,72,23.1669,72.615,2026-04-24 09:15:04.395403
R61,Food shortage in area,food,0.71,64,23.0787,72.5862,2026-04-28 02:15:04.395410
R62,No drinking water,water,0.66,27,23.0085,72.6206,2026-04-26 21:15:04.395418
R63,Water shortage,water,0.7,27,23.1826,72.6257,2026-04-27 12:15:04.395425
R64,Injury needs urgent help,medical,0.78,3,23.0024,72.5741,2026-04-28 03:15:04.395433
R65,School closed,education,0.75,69,23.1644,72.6741,2026-04-26 01:15:04.395444
R66,Houses damaged,shelter,0.77,48,23.0819,72.6778,2026-04-26 11:15:04.395452
R67,Need shelter after rain,shelter,0.96,25,23.0124,72.5934,2026-04-25 19:15:04.395464
R68,Water shortage,water,0.81,13,23.0002,72.6073,2026-04-24 07:15:04.395471
R69,People homeless,shelter,0.67,144,23.1315,72.5971,2026-04-26 12:15:04.395478
R70,Need shelter after rain,shelter,0.65,79,23.0363,72.5453,2026-04-27 08:15:04.395486
R71,Food shortage in area,food,0.93,111,23.1476,72.566,2026-04-25 19:15:04.395496
R72,School closed,education,0.93,56,23.0893,72.5732,2026-04-26 16:15:04.395520
R73,People starving,food,0.67,43,23.0288,72.6011,2026-04-27 05:15:04.395529
R74,People homeless,shelter,0.99,104,23.1918,72.668,2026-04-25 09:15:04.395536
R75,Medical emergency,medical,0.91,48,23.1668,72.5505,2026-04-28 00:15:04.395544
R76,Patient critical,medical,0.67,90,23.0358,72.5414,2026-04-28 03:15:04.395551
R77,No electricity in school,education,0.95,84,23.0977,72.5579,2026-04-28 00:15:04.395559
R78,No electricity in school,education,0.71,65,23.1004,72.6174,2026-04-24 20:15:04.395566
R79,Need shelter after rain,shelter,0.96,150,23.1258,72.5514,2026-04-28 06:15:04.395574
R80,Patient critical,medical,0.94,5,23.0728,72.5293,2026-04-25 23:15:04.395581
R81,People starving,food,0.98,73,23.0568,72.6227,2026-04-26 11:15:04.395589
R82,Need clean water,water,0.86,61,23.0893,72.5612,2026-04-27 12:15:04.395596
R83,School closed,education,0.85,51,23.079,72.6142,2026-04-24 19:15:04.395603
R84,No electricity in school,education,0.96,57,23.0677,72.6354,2026-04-26 19:15:04.395610
R85,No drinking water,water,0.83,101,23.0853,72.5073,2026-04-25 02:15:04.395621
R86,Medical emergency,medical,0.78,61,23.1537,72.6598,2026-04-25 05:15:04.395629
R87,Need shelter after rain,shelter,0.96,76,23.054,72.527,2026-04-27 13:15:04.395637
R88,Injury needs urgent help,medical,0.81,58,23.0901,72.5478,2026-04-25 04:15:04.395645
R89,People homeless,shelter,0.7,45,23.1246,72.5234,2026-04-25 18:15:04.395652
R90,Medical emergency,medical,0.84,104,23.125,72.6096,2026-04-25 07:15:04.395660
R91,Patient critical,medical,0.83,67,23.1521,72.5142,2026-04-27 14:15:04.395668
R92,People homeless,shelter,0.8,49,23.0172,72.621,2026-04-27 06:15:04.395676
R93,People homeless,shelter,0.65,83,23.1571,72.662,2026-04-27 09:15:04.395684
R94,Need clean water,water,0.74,93,23.1818,72.5606,2026-04-24 15:15:04.395692
R95,Houses damaged,shelter,0.7,54,23.1021,72.6565,2026-04-25 01:15:04.395699
R96,Injury needs urgent help,medical,0.97,100,23.0573,72.5193,2026-04-24 10:15:04.395706
R97,Need shelter after rain,shelter,0.7,59,23.0316,72.5797,2026-04-28 02:15:04.395714
R98,Students affected,education,0.93,124,23.0038,72.5073,2026-04-27 06:15:04.395721
R99,Patient critical,medical,0.66,112,23.037,72.6639,2026-04-27 21:15:04.395728
R100,Need clean water,water,0.77,17,23.0465,72.5246,2026-04-25 22:15:04.395736
R101,Need clean water,water,0.84,1,23.0077,72.5131,2026-04-27 15:15:04.395750
R102,Students affected,education,0.99,141,23.0801,72.6942,2026-04-24 15:15:04.395777
R103,Need shelter after rain,shelter,0.74,64,23.1627,72.6694,2026-04-24 21:15:04.395789
R104,People starving,food,0.69,105,23.1702,72.5418,2026-04-28 04:15:04.395802
R105,No electricity in school,education,0.88,86,23.1717,72.5434,2026-04-25 07:15:04.395810
R106,Medical emergency,medical,0.63,21,23.0776,72.6552,2026-04-26 10:15:04.395819
R107,No electricity in school,education,0.89,73,23.017,72.6917,2026-04-26 08:15:04.395826
R108,Injury needs urgent help,medical,0.84,105,23.173,72.5745,2026-04-24 14:15:04.395833
R109,Medical emergency,medical,0.64,11,23.0297,72.5707,2026-04-25 09:15:04.395841
R110,No food for 5 days,food,0.61,73,23.0298,72.5108,2026-04-25 04:15:04.395850
R111,No drinking water,water,0.76,30,23.176,72.6199,2026-04-27 06:15:04.395857
R112,Students affected,education,0.67,1,23.1155,72.535,2026-04-25 18:15:04.395864
R113,Water shortage,water,0.67,67,23.1326,72.6066,2026-04-27 23:15:04.395872
R114,People homeless,shelter,0.88,142,23.1377,72.5177,2026-04-26 13:15:04.395879
R115,Need shelter after rain,shelter,0.84,128,23.0088,72.6216,2026-04-24 11:15:04.395887
R116,Students affected,education,0.68,116,23.0817,72.6879,2026-04-27 08:15:04.395894
R117,Need shelter after rain,shelter,0.71,85,23.0985,72.6192,2026-04-25 14:15:04.395902
R118,People starving,food,0.7,123,23.1718,72.5498,2026-04-28 09:15:04.395910
R119,Need shelter after rain,shelter,0.61,55,23.1951,72.5181,2026-04-27 09:15:04.395917
R120,No electricity in school,education,0.68,136,23.1495,72.652,2026-04-28 02:15:04.395925
R121,Houses damaged,shelter,0.73,149,23.0619,72.6261,2026-04-27 07:15:04.395934
R122,Students affected,education,0.83,79,23.0387,72.551,2026-04-28 03:15:04.395941
R123,Patient critical,medical,0.7,8,23.1447,72.6755,2026-04-26 02:15:04.395949
R124,Medical emergency,medical,0.73,77,23.1635,72.6261,2026-04-25 09:15:04.395957
R125,No electricity in school,education,0.78,46,23.178,72.5626,2026-04-27 03:15:04.395964
R126,Medical emergency,medical,0.7,77,23.027,72.6501,2026-04-26 15:15:04.395972
R127,People homeless,shelter,0.83,96,23.1861,72.5356,2026-04-27 16:15:04.395979
R128,Students affected,education,0.71,31,23.1473,72.6028,2026-04-27 03:15:04.395987
R129,School closed,education,0.65,7,23.1273,72.6128,2026-04-26 15:15:04.395994
R130,Houses damaged,shelter,0.73,58,23.1813,72.5266,2026-04-28 03:15:04.396002
R131,Food shortage in area,food,0.64,80,23.0697,72.6885,2026-04-26 12:15:04.396010
R132,Patient critical,medical,0.88,24,23.0132,72.5096,2026-04-24 23:15:04.396017
R133,Students affected,education,0.62,73,23.0305,72.6546,2026-04-26 12:15:04.396025
R134,Patient critical,medical,0.87,48,23.1498,72.652,2026-04-28 07:15:04.396032
R135,Water shortage,water,0.73,5,23.0384,72.6904,2026-04-25 04:15:04.396039
R136,Need shelter after rain,shelter,0.96,112,23.0777,72.6421,2026-04-28 04:15:04.396047
R137,No electricity in school,education,0.88,79,23.104,72.6553,2026-04-24 12:15:04.396054
R138,School closed,education,0.73,137,23.1181,72.6999,2026-04-25 04:15:04.396061
R139,No food for 1 days,food,0.86,144,23.1593,72.5684,2026-04-25 07:15:04.396069
R140,School closed,education,0.73,68,23.0197,72.5097,2026-04-28 09:15:04.396077
R141,No food for 2 days,food,0.96,140,23.0951,72.6851,2026-04-27 00:15:04.396085
R142,No electricity in school,education,0.68,70,23.1843,72.6488,2026-04-26 08:15:04.396093
R143,Houses damaged,shelter,0.79,53,23.1833,72.6964,2026-04-24 20:15:04.396100
R144,Need clean water,water,0.96,51,23.1836,72.5871,2026-04-28 07:15:04.396108
R145,School closed,education,0.92,5,23.1993,72.6847,2026-04-27 20:15:04.396115
R146,No food for 3 days,food,0.91,104,23.0392,72.5069,2026-04-26 01:15:04.396123
R147,Food shortage in area,food,0.96,92,23.0086,72.6965,2026-04-24 16:15:04.396138
R148,Water shortage,water,0.76,31,23.0798,72.6453,2026-04-27 01:15:04.396146
R149,People homeless,shelter,0.84,12,23.1791,72.66,2026-04-27 00:15:04.396154
R150,People homeless,shelter,0.92,48,23.0399,72.673,2026-04-25 02:15:04.396167
R151,Students affected,education,0.72,39,23.0246,72.5302,2026-04-24 12:15:04.396174
R152,School closed,education,0.76,85,23.0417,72.5035,2026-04-27 23:15:04.396182
R153,Houses damaged,shelter,0.61,84,23.0558,72.5736,2026-04-26 07:15:04.396189
R154,No drinking water,water,0.63,68,23.161,72.5306,2026-04-27 05:15:04.396197
R155,Food shortage in area,food,0.77,72,23.1485,72.5474,2026-04-28 06:15:04.396204
R156,Need clean water,water,0.64,100,23.0613,72.5192,2026-04-27 05:15:04.396212
R157,Students affected,education,0.61,140,23.0964,72.523,2026-04-26 18:15:04.396219
R158,Need clean water,water,0.6,64,23.0215,72.6197,2026-04-27 19:15:04.396227
R159,Injury needs urgent help,medical,0.82,108,23.1927,72.6097,2026-04-27 20:15:04.396234
R160,Patient critical,medical,0.61,130,23.0001,72.6757,2026-04-25 06:15:04.396242
R161,Food shortage in area,food,0.94,55,23.1584,72.6681,2026-04-27 06:15:04.396249
R162,Houses damaged,shelter,0.95,108,23.0726,72.6846,2026-04-25 22:15:04.396257
R163,Houses damaged,shelter,0.81,13,23.1199,72.5351,2026-04-27 00:15:04.396264
R164,Patient critical,medical,0.76,44,23.1257,72.5938,2026-04-24 15:15:04.396272
R165,People starving,food,0.74,17,23.0436,72.6855,2026-04-25 19:15:04.396279
R166,Injury needs urgent help,medical,0.71,150,23.1678,72.5918,2026-04-27 02:15:04.396287
R167,No food for 3 days,food,0.77,68,23.167,72.5873,2026-04-27 19:15:04.396323
R168,Students affected,education,0.71,113,23.0456,72.6256,2026-04-25 10:15:04.396331
R169,Need shelter after rain,shelter,0.79,11,23.1942,72.5109,2026-04-27 02:15:04.396338
R170,Medical emergency,medical,0.7,147,23.0051,72.5064,2026-04-26 03:15:04.396345
R171,People homeless,shelter,0.99,77,23.1908,72.5629,2026-04-25 12:15:04.396353
R172,Water shortage,water,0.99,97,23.1612,72.6145,2026-04-27 15:15:04.396360
R173,People homeless,shelter,0.95,51,23.1576,72.519,2026-04-24 16:15:04.396375
R174,Medical emergency,medical,0.86,86,23.0183,72.6666,2026-04-24 19:15:04.396388
R175,No drinking water,water,0.75,131,23.1394,72.5747,2026-04-24 23:15:04.396395
R176,Medical emergency,medical,0.9,54,23.145,72.5283,2026-04-25 01:15:04.396403
R177,People starving,food,0.65,44,23.0097,72.5505,2026-04-27 07:15:04.396411
R178,Students affected,education,0.63,53,23.0519,72.5931,2026-04-26 15:15:04.396418
R179,Injury needs urgent help,medical,0.62,9,23.0957,72.5816,2026-04-26 03:15:04.396425
R180,Food shortage in area,food,0.7,81,23.0953,72.6734,2026-04-26 09:15:04.396433
R181,Need shelter after rain,shelter,0.65,72,23.0718,72.5328,2026-04-25 15:15:04.396441
R182,Need shelter after rain,shelter,0.75,10,23.1091,72.5153,2026-04-26 12:15:04.396448
R183,Medical emergency,medical,0.72,14,23.0615,72.6735,2026-04-27 08:15:04.396456
R184,No drinking water,water,0.94,47,23.1049,72.6151,2026-04-26 17:15:04.396465
R185,People starving,food,0.67,1,23.0258,72.6102,2026-04-26 23:15:04.396472
R186,School closed,education,0.76,42,23.1415,72.6045,2026-04-24 17:15:04.396480
R187,No food for 3 days,food,0.73,4,23.1732,72.5467,2026-04-27 14:15:04.396488
R188,School closed,education,0.73,5,23.1237,72.6168,2026-04-27 01:15:04.396496
R189,People homeless,shelter,0.63,71,23.0034,72.6,2026-04-24 16:15:04.396503
R190,Food shortage in area,food,0.98,58,23.1013,72.5018,2026-04-25 16:15:04.396511
R191,Food shortage in area,food,0.62,58,23.1782,72.567,2026-04-25 04:15:04.396519
R192,Medical emergency,medical,0.76,17,23.0061,72.5517,2026-04-27 09:15:04.396526
R193,No drinking water,water,0.99,117,23.0543,72.5398,2026-04-24 21:15:04.396534
R194,Need clean water,water,0.99,129,23.1751,72.6444,2026-04-24 05:15:04.396542
R195,No food for 2 days,food,0.6,125,23.169,72.5035,2026-04-26 15:15:04.396550
R196,Need shelter after rain,shelter,0.74,42,23.1769,72.5442,2026-04-24 23:15:04.396557
R197,Students affected,education,0.74,150,23.0061,72.5156,2026-04-26 09:15:04.396565
R198,Water shortage,water,0.99,35,23.1706,72.6959,2026-04-26 19:15:04.396572
R199,No electricity in school,education,0.63,24,23.0762,72.6552,2026-04-24 22:15:04.396579
R200,People homeless,shelter,0.99,17,23.1355,72.5046,2026-04-24 22:15:04.396587
R201,Water shortage,water,0.99,29,23.1948,72.6474,2026-04-28 01:15:04.396594
R202,No food for 2 days,food,0.88,103,23.0383,72.5338,2026-04-27 22:15:04.396603
R203,Water shortage,water,0.75,31,23.0523,72.5292,2026-04-24 09:15:04.396611
R204,People starving,food,0.89,43,23.1494,72.6859,2026-04-27 00:15:04.396618
R205,Students affected,education,0.71,110,23.0724,72.5132,2026-04-25 02:15:04.396625
R206,Need shelter after rain,shelter,0.62,97,23.1644,72.5869,2026-04-27 04:15:04.396633
R207,Water shortage,water,0.71,99,23.1754,72.577,2026-04-24 07:15:04.396640
R208,Injury needs urgent help,medical,0.85,124,23.1269,72.6712,2026-04-25 05:15:04.396647
R209,No food for 3 days,food,0.71,60,23.0551,72.6211,2026-04-25 10:15:04.396654
R210,Need clean water,water,0.73,116,23.1725,72.6412,2026-04-26 04:15:04.396662
R211,Students affected,education,0.7,3,23.1455,72.5142,2026-04-27 21:15:04.396669
R212,Need clean water,water,0.91,52,23.0521,72.6758,2026-04-27 23:15:04.396676
R213,Food shortage in area,food,0.8,129,23.1775,72.5909,2026-04-25 15:15:04.396684
R214,No electricity in school,education,0.87,113,23.1187,72.557,2026-04-25 21:15:04.396691
R215,Injury needs urgent help,medical,0.8,41,23.1725,72.5829,2026-04-26 02:15:04.396699
R216,No electricity in school,education,0.95,26,23.0059,72.5406,2026-04-24 12:15:04.396707
R217,No drinking water,water,0.84,72,23.1302,72.6048,2026-04-26 12:15:04.396715
R218,Food shortage in area,food,0.85,82,23.0873,72.5275,2026-04-28 07:15:04.396722
R219,Need clean water,water,0.69,106,23.0252,72.6287,2026-04-25 10:15:04.396729
R220,People homeless,shelter,0.63,47,23.1569,72.6665,2026-04-27 12:15:04.396736
R221,Water shortage,water,0.64,18,23.0251,72.6543,2026-04-26 01:15:04.396744
R222,Injury needs urgent help,medical,0.91,94,23.1476,72.6342,2026-04-26 05:15:04.396751
R223,No electricity in school,education,0.89,149,23.1687,72.6134,2026-04-24 21:15:04.396758
R224,Need clean water,water,0.64,69,23.1813,72.6617,2026-04-26 23:15:04.396766
R225,People starving,food,0.94,11,23.0249,72.5444,2026-04-28 09:15:04.396773
R226,No electricity in school,education,0.84,66,23.1591,72.603,2026-04-27 12:15:04.396780
R227,Food shortage in area,food,0.9,138,23.1027,72.5271,2026-04-25 16:15:04.396787
R228,No food for 3 days,food,0.91,56,23.1726,72.5828,2026-04-27 23:15:04.396795
R229,People starving,food,0.85,102,23.1184,72.6802,2026-04-25 02:15:04.396802
R230,Patient critical,medical,0.99,5,23.1132,72.6503,2026-04-26 07:15:04.396809
R231,School closed,education,0.62,80,23.1396,72.6455,2026-04-25 05:15:04.396822
R232,Injury needs urgent help,medical,0.74,144,23.0702,72.6194,2026-04-27 05:15:04.396835
R233,People homeless,shelter,0.67,143,23.0945,72.6345,2026-04-24 22:15:04.396847
R234,No electricity in school,education,0.9,79,23.1681,72.6016,2026-04-24 09:15:04.396866
R235,People starving,food,1.0,131,23.0486,72.6216,2026-04-27 01:15:04.396874
R236,No drinking water,water,0.67,111,23.1284,72.5261,2026-04-27 23:15:04.396881
R237,Food shortage in area,food,0.98,142,23.0542,72.617,2026-04-27 18:15:04.396888
R238,Houses damaged,shelter,0.77,39,23.0378,72.6638,2026-04-26 07:15:04.396895
R239,Injury needs urgent help,medical,0.65,111,23.0141,72.5475,2026-04-26 12:15:04.396912
R240,Medical emergency,medical,0.88,130,23.1045,72.5404,2026-04-25 10:15:04.396920
R241,Patient critical,medical,0.64,19,23.0833,72.5613,2026-04-28 07:15:04.396928
R242,People homeless,shelter,0.74,91,23.0463,72.5302,2026-04-26 16:15:04.396935
R243,No drinking water,water,0.7,70,23.1317,72.5682,2026-04-27 13:15:04.396942
R244,No electricity in school,education,0.68,124,23.0591,72.6088,2026-04-25 16:15:04.396950
R245,Patient critical,medical,0.7,88,23.0291,72.6375,2026-04-24 05:15:04.396958
R246,Medical emergency,medical,0.75,100,23.0374,72.6649,2026-04-27 12:15:04.396965
R247,Patient critical,medical,0.72,110,23.1364,72.5421,2026-04-28 07:15:04.396972
R248,Houses damaged,shelter,0.6,6,23.0365,72.5529,2026-04-26 09:15:04.396980
R249,No drinking water,water,0.91,111,23.1609,72.6455,2026-04-26 22:15:04.396988
R250,Injury needs urgent help,medical,0.69,130,23.0827,72.6002,2026-04-26 22:15:04.396996
R251,Medical emergency,medical,0.9,35,23.0063,72.5588,2026-04-24 23:15:04.397003
R252,Food shortage in area,food,0.82,123,23.0603,72.6534,2026-04-26 12:15:04.397010
R253,Need clean water,water,0.61,67,23.0022,72.6035,2026-04-26 15:15:04.397018
R254,Houses damaged,shelter,0.76,28,23.0311,72.6465,2026-04-28 09:15:04.397025
R255,Food shortage in area,food,0.85,34,23.0381,72.6584,2026-04-24 16:15:04.397033
R256,No drinking water,water,0.93,88,23.1615,72.6168,2026-04-25 02:15:04.397041
R257,Food shortage in area,food,0.87,30,23.0726,72.6087,2026-04-24 21:15:04.397048
R258,School closed,education,0.74,37,23.1811,72.5858,2026-04-24 22:15:04.397056
R259,Medical emergency,medical,0.89,110,23.148,72.6143,2026-04-28 07:15:04.397064
R260,No food for 5 days,food,0.63,125,23.1208,72.5675,2026-04-25 03:15:04.397072
R261,Need clean water,water,0.95,37,23.0117,72.544,2026-04-28 05:15:04.397079
R262,Food shortage in area,food,0.76,94,23.1742,72.5443,2026-04-27 12:15:04.397086
R263,Food shortage in area,food,0.71,90,23.0182,72.5621,2026-04-26 15:15:04.397094
R264,No food for 4 days,food,0.61,76,23.1443,72.5399,2026-04-28 00:15:04.397102
R265,Medical emergency,medical,0.6,141,23.0513,72.53,2026-04-28 06:15:04.397109
R266,No drinking water,water,0.97,148,23.1922,72.5554,2026-04-27 18:15:04.397116
R267,People homeless,shelter,0.86,120,23.1001,72.6002,2026-04-24 07:15:04.397125
R268,Food shortage in area,food,0.66,101,23.108,72.6625,2026-04-25 21:15:04.397132
R269,Houses damaged,shelter,0.74,18,23.0754,72.6726,2026-04-25 18:15:04.397140
R270,School closed,education,0.69,30,23.114,72.6937,2026-04-26 09:15:04.397148
R271,Houses damaged,shelter,0.75,90,23.0449,72.6151,2026-04-24 08:15:04.397156
R272,Food shortage in area,food,0.66,48,23.088,72.6971,2026-04-26 19:15:04.397163
R273,People starving,food,0.66,74,23.0915,72.5613,2026-04-25 01:15:04.397172
R274,Patient critical,medical,0.72,4,23.0333,72.62,2026-04-26 18:15:04.397180
R275,People starving,food,0.85,101,23.1687,72.6466,2026-04-24 09:15:04.397187
R276,Need clean water,water,0.64,89,23.195,72.5261,2026-04-26 22:15:04.397194
R277,People homeless,shelter,0.92,133,23.1623,72.5479,2026-04-27 00:15:04.397201
R278,Food shortage in area,food,0.66,9,23.0953,72.6045,2026-04-28 01:15:04.397289
R279,Students affected,education,0.81,138,23.0582,72.6498,2026-04-24 10:15:04.397296
R280,Injury needs urgent help,medical,0.61,122,23.1512,72.5745,2026-04-24 23:15:04.397305
R281,Houses damaged,shelter,0.91,106,23.0175,72.6364,2026-04-27 10:15:04.397313
R282,Water shortage,water,0.88,53,23.021,72.6385,2026-04-27 11:15:04.397320
R283,Houses damaged,shelter,0.78,144,23.0413,72.615,2026-04-28 06:15:04.397327
R284,No food for 3 days,food,0.63,12,23.1529,72.5249,2026-04-27 14:15:04.397335
R285,Students affected,education,0.76,27,23.14,72.5571,2026-04-27 18:15:04.397343
R286,Food shortage in area,food,0.71,79,23.1572,72.5812,2026-04-27 10:15:04.397350
R287,No food for 1 days,food,0.82,86,23.0831,72.5863,2026-04-25 06:15:04.397358
R288,No food for 2 days,food,0.61,6,23.0192,72.5168,2026-04-28 03:15:04.397365
R289,Food shortage in area,food,0.89,49,23.1352,72.6679,2026-04-27 01:15:04.397373
R290,No electricity in school,education,0.88,101,23.1877,72.6048,2026-04-24 22:15:04.397380
R291,Need shelter after rain,shelter,0.91,61,23.1159,72.5969,2026-04-25 22:15:04.397387
R292,No drinking water,water,0.94,84,23.1637,72.5107,2026-04-27 20:15:04.397394
R293,Medical emergency,medical,0.69,148,23.0464,72.6588,2026-04-28 04:15:04.397401
R294,School closed,education,0.67,148,23.1215,72.6264,2026-04-27 01:15:04.397409
R295,Patient critical,medical,0.96,45,23.1908,72.5229,2026-04-25 21:15:04.397419
R296,Need shelter after rain,shelter,0.95,4,23.0538,72.5431,2026-04-26 08:15:04.397426
R297,Food shortage in area,food,0.82,18,23.0202,72.6617,2026-04-25 15:15:04.397433
R298,Need clean water,water,0.88,133,23.1899,72.5103,2026-04-26 03:15:04.397440
R299,Water shortage,water,0.83,42,23.1346,72.621,2026-04-27 18:15:04.397448
R300,People homeless,shelter,0.99,122,23.0031,72.5711,2026-04-24 20:15:04.397456
R301,School closed,education,0.99,55,23.121,72.5892,2026-04-27 13:15:04.397463
R302,Water shortage,water,0.91,137,23.0208,72.5622,2026-04-26 08:15:04.397470
R303,Need shelter after rain,shelter,0.72,93,23.0457,72.6402,2026-04-24 18:15:04.397478
R304,People homeless,shelter,0.86,63,23.0945,72.5533,2026-04-24 11:15:04.397485
R305,Need clean water,water,0.84,45,23.1831,72.5075,2026-04-28 05:15:04.397493
R306,People starving,food,0.62,84,23.1446,72.5741,2026-04-26 16:15:04.397502
R307,Injury needs urgent help,medical,0.71,135,23.0924,72.5815,2026-04-25 13:15:04.397509
R308,Students affected,education,0.77,32,23.1281,72.5894,2026-04-26 06:15:04.397516
R309,Need shelter after rain,shelter,0.99,36,23.1027,72.5524,2026-04-27 11:15:04.397524
R310,Students affected,education,0.65,147,23.1585,72.6451,2026-04-25 12:15:04.397536
R311,People homeless,shelter,0.77,62,23.0891,72.5545,2026-04-25 00:15:04.397543
R312,No drinking water,water,0.96,140,23.1078,72.6361,2026-04-25 17:15:04.397552
R313,Houses damaged,shelter,0.78,84,23.1091,72.5412,2026-04-25 16:15:04.397559
R314,Houses damaged,shelter,0.71,54,23.1646,72.628,2026-04-26 01:15:04.397567
R315,No drinking water,water,0.85,125,23.1842,72.6589,2026-04-26 22:15:04.397575
R316,No electricity in school,education,0.89,143,23.0106,72.5484,2026-04-25 03:15:04.397582
R317,No electricity in school,education,0.79,25,23.1579,72.6075,2026-04-27 13:15:04.397589
R318,Patient critical,medical,0.63,46,23.1765,72.6357,2026-04-24 07:15:04.397598
R319,Water shortage,water,0.64,99,23.1193,72.5789,2026-04-24 12:15:04.397605
R320,School closed,education,0.81,118,23.12,72.5901,2026-04-26 20:15:04.397612
R321,School closed,education,0.7,66,23.0825,72.6566,2026-04-26 17:15:04.397623
R322,No drinking water,water,0.84,31,23.064,72.5258,2026-04-26 14:15:04.397630
R323,No food for 3 days,food,0.68,101,23.1823,72.6442,2026-04-28 00:15:04.397638
R324,No drinking water,water,0.99,110,23.1407,72.5729,2026-04-27 04:15:04.397646
R325,Medical emergency,medical,0.66,104,23.1047,72.6237,2026-04-26 02:15:04.397653
R326,Need shelter after rain,shelter,0.78,126,23.1934,72.694,2026-04-24 07:15:04.397661
R327,Water shortage,water,0.94,125,23.0326,72.6689,2026-04-26 20:15:04.397672
R328,No electricity in school,education,0.8,1,23.1929,72.509,2026-04-25 22:15:04.397681
R329,Water shortage,water,0.93,140,23.0941,72.6713,2026-04-26 02:15:04.397688
R330,Water shortage,water,0.91,97,23.1027,72.5654,2026-04-25 18:15:04.397696
R331,No food for 1 days,food,0.72,44,23.0431,72.5686,2026-04-24 17:15:04.397704
R332,Need shelter after rain,shelter,0.86,122,23.1385,72.5121,2026-04-25 19:15:04.397711
R333,No food for 5 days,food,0.65,60,23.06,72.66,2026-04-28 00:15:04.397719
R334,No food for 4 days,food,0.98,54,23.1041,72.5985,2026-04-25 09:15:04.397727
R335,Patient critical,medical,0.99,71,23.0616,72.6179,2026-04-27 03:15:04.397734
R336,No electricity in school,education,0.84,118,23.1912,72.6378,2026-04-24 06:15:04.397741
R337,No drinking water,water,0.92,43,23.1264,72.6032,2026-04-27 10:15:04.397748
R338,No food for 1 days,food,0.66,5,23.177,72.5997,2026-04-27 22:15:04.397756
R339,Medical emergency,medical,0.74,146,23.0602,72.6199,2026-04-25 06:15:04.397763
R340,Injury needs urgent help,medical,0.65,9,23.0568,72.5276,2026-04-28 04:15:04.397771
R341,Medical emergency,medical,0.79,31,23.0497,72.6183,2026-04-25 13:15:04.397778
R342,Patient critical,medical,0.68,144,23.036,72.5875,2026-04-27 04:15:04.397786
R343,Injury needs urgent help,medical,0.94,96,23.115,72.5314,2026-04-27 02:15:04.397793
R344,Injury needs urgent help,medical,0.66,94,23.1377,72.5401,2026-04-26 03:15:04.397801
R345,No electricity in school,education,0.92,72,23.1293,72.5552,2026-04-26 08:15:04.397808
R346,People homeless,shelter,0.68,145,23.1964,72.636,2026-04-25 19:15:04.397815
R347,Patient critical,medical,0.8,24,23.0196,72.6815,2026-04-27 13:15:04.397823
R348,Patient critical,medical,0.83,26,23.0865,72.6859,2026-04-27 22:15:04.397830
R349,Need clean water,water,0.66,98,23.0821,72.6065,2026-04-24 07:15:04.397837
R350,People starving,food,0.71,18,23.1643,72.5096,2026-04-25 11:15:04.397845
R351,No drinking water,water,0.96,145,23.1342,72.5093,2026-04-26 01:15:04.397852
R352,People starving,food,0.81,66,23.1244,72.6586,2026-04-27 06:15:04.397859
R353,Injury needs urgent help,medical,0.9,143,23.1974,72.5459,2026-04-25 21:15:04.397867
R354,Houses damaged,shelter,0.87,58,23.1251,72.5276,2026-04-26 19:15:04.397875
R355,No electricity in school,education,0.9,100,23.0467,72.5661,2026-04-24 07:15:04.397883
R356,Houses damaged,shelter,0.61,120,23.0173,72.5101,2026-04-24 13:15:04.397896
R357,No food for 2 days,food,0.83,37,23.0626,72.6676,2026-04-27 07:15:04.397910
R358,Patient critical,medical,0.66,33,23.1966,72.5163,2026-04-24 22:15:04.397931
R359,School closed,education,0.96,104,23.0376,72.5625,2026-04-26 05:15:04.397949
R360,School closed,education,0.69,57,23.1918,72.5541,2026-04-26 19:15:04.397957
R361,Students affected,education,0.93,67,23.1599,72.5951,2026-04-25 02:15:04.397965
R362,Need shelter after rain,shelter,0.92,78,23.1723,72.597,2026-04-26 06:15:04.397972
R363,No food for 4 days,food,0.63,114,23.1214,72.5813,2026-04-27 17:15:04.397980
R364,Patient critical,medical,0.93,109,23.1819,72.6408,2026-04-26 18:15:04.397987
R365,Water shortage,water,0.96,76,23.0031,72.562,2026-04-26 03:15:04.397995
R366,Injury needs urgent help,medical,0.89,66,23.0717,72.5661,2026-04-25 20:15:04.398002
R367,Medical emergency,medical,0.97,30,23.0925,72.6507,2026-04-27 04:15:04.398011
R368,No food for 1 days,food,0.99,83,23.0562,72.6479,2026-04-27 14:15:04.398019
R369,No drinking water,water,0.94,85,23.1655,72.5316,2026-04-24 19:15:04.398026
R370,Houses damaged,shelter,0.6,129,23.1544,72.5558,2026-04-27 09:15:04.398033
R371,No food for 2 days,food,0.85,83,23.1151,72.5531,2026-04-27 15:15:04.398042
R372,People homeless,shelter,0.87,74,23.1561,72.6344,2026-04-25 16:15:04.398049
R373,Injury needs urgent help,medical,0.92,146,23.1424,72.6341,2026-04-27 15:15:04.398057
R374,Injury needs urgent help,medical,0.93,93,23.0022,72.599,2026-04-27 12:15:04.398065
R375,Need clean water,water,0.81,78,23.1514,72.5478,2026-04-25 07:15:04.398072
R376,No food for 1 days,food,0.81,60,23.0237,72.5281,2026-04-24 22:15:04.398081
R377,People homeless,shelter,0.73,104,23.0589,72.5453,2026-04-26 08:15:04.398088
R378,Medical emergency,medical,0.61,106,23.1387,72.6154,2026-04-27 01:15:04.398102
R379,No electricity in school,education,0.65,131,23.1541,72.6591,2026-04-27 01:15:04.398109
R380,Water shortage,water,0.72,37,23.0941,72.6301,2026-04-24 20:15:04.398117
R381,People homeless,shelter,0.68,43,23.0218,72.6899,2026-04-24 08:15:04.398124
R382,School closed,education,0.6,119,23.1866,72.6773,2026-04-25 15:15:04.398131
R383,Patient critical,medical,0.84,142,23.1859,72.6283,2026-04-26 21:15:04.398139
R384,People starving,food,0.66,24,23.1901,72.6257,2026-04-25 03:15:04.398146
R385,Water shortage,water,0.96,107,23.0503,72.5345,2026-04-26 21:15:04.398153
R386,Patient critical,medical,0.87,3,23.1345,72.5767,2026-04-25 04:15:04.398161
R387,Injury needs urgent help,medical,0.7,44,23.1019,72.5941,2026-04-27 11:15:04.398169
R388,No electricity in school,education,0.6,95,23.0398,72.6473,2026-04-27 04:15:04.398175
R389,No food for 1 days,food,0.88,131,23.1821,72.5751,2026-04-27 04:15:04.398183
R390,Water shortage,water,0.96,54,23.1661,72.5972,2026-04-27 05:15:04.398190
R391,Students affected,education,0.79,141,23.1676,72.698,2026-04-27 22:15:04.398201
R392,Need clean water,water,1.0,116,23.027,72.6858,2026-04-24 06:15:04.398209
R393,No drinking water,water,1.0,14,23.1713,72.5447,2026-04-25 23:15:04.398217
R394,Students affected,education,0.62,63,23.0324,72.5894,2026-04-24 07:15:04.398224
R395,No drinking water,water,0.89,99,23.0236,72.598,2026-04-24 06:15:04.398231
R396,Houses damaged,shelter,0.7,89,23.1061,72.617,2026-04-24 05:15:04.398255
R397,Students affected,education,0.77,19,23.0398,72.6447,2026-04-26 00:15:04.398262
R398,Injury needs urgent help,medical,0.87,105,23.0135,72.6543,2026-04-27 00:15:04.398269
R399,Need shelter after rain,shelter,0.68,9,23.0597,72.5356,2026-04-24 20:15:04.398277
R400,Water shortage,water,0.68,93,23.0962,72.6798,2026-04-27 02:15:04.398284
R401,People starving,food,0.93,38,23.1667,72.5514,2026-04-25 20:15:04.398292
R402,Need clean water,water,0.64,100,23.0835,72.5381,2026-04-27 19:15:04.398303
R403,Need shelter after rain,shelter,0.69,142,23.1333,72.5058,2026-04-27 12:15:04.398311
R404,Need shelter after rain,shelter,0.63,118,23.1402,72.635,2026-04-25 07:15:04.398318
R405,Need clean water,water,0.86,25,23.1761,72.6602,2026-04-27 05:15:04.398325
R406,Need clean water,water,0.96,103,23.1935,72.6576,2026-04-27 10:15:04.398343
R407,No food for 4 days,food,0.92,105,23.0591,72.6973,2026-04-28 01:15:04.398351
R408,Water shortage,water,0.73,21,23.148,72.626,2026-04-27 08:15:04.398359
R409,No electricity in school,education,0.87,90,23.0726,72.5856,2026-04-27 21:15:04.398367
R410,Need shelter after rain,shelter,0.96,120,23.0312,72.5003,2026-04-24 05:15:04.398374
R411,Medical emergency,medical,0.73,83,23.0387,72.5025,2026-04-27 23:15:04.398381
R412,No food for 4 days,food,1.0,24,23.0877,72.6086,2026-04-25 00:15:04.398389
R413,School closed,education,0.63,71,23.0618,72.5658,2026-04-26 07:15:04.398397
R414,Students affected,education,0.72,24,23.0131,72.6907,2026-04-24 18:15:04.398404
R415,People homeless,shelter,0.62,138,23.1042,72.5327,2026-04-25 19:15:04.398411
R416,No drinking water,water,0.82,108,23.1206,72.5704,2026-04-26 06:15:04.398419
R417,Patient critical,medical,0.67,9,23.0186,72.6887,2026-04-24 12:15:04.398426
R418,People starving,food,0.78,71,23.1434,72.6138,2026-04-26 19:15:04.398434
R419,School closed,education,1.0,116,23.0719,72.5244,2026-04-25 05:15:04.398441
R420,People homeless,shelter,0.72,5,23.0728,72.6514,2026-04-27 00:15:04.398448
R421,Injury needs urgent help,medical,0.89,17,23.1693,72.6946,2026-04-25 14:15:04.398455
R422,People homeless,shelter,0.95,69,23.0137,72.5141,2026-04-28 00:15:04.398473
R423,Medical emergency,medical,0.6,40,23.0991,72.6893,2026-04-26 12:15:04.398485
R424,Need clean water,water,0.94,84,23.0919,72.536,2026-04-27 00:15:04.398492
R425,Injury needs urgent help,medical,0.77,95,23.1211,72.6497,2026-04-28 06:15:04.398499
R426,People homeless,shelter,0.68,124,23.0046,72.609,2026-04-25 10:15:04.398519
R427,Houses damaged,shelter,0.78,50,23.0747,72.6981,2026-04-27 00:15:04.398526
R428,No food for 1 days,food,0.67,84,23.1955,72.5142,2026-04-25 07:15:04.398534
R429,Need clean water,water,0.84,117,23.0466,72.6747,2026-04-27 15:15:04.398542
R430,Food shortage in area,food,0.78,67,23.1041,72.6409,2026-04-25 03:15:04.398550
R431,Injury needs urgent help,medical,0.96,71,23.0445,72.5908,2026-04-25 02:15:04.398557
R432,Need shelter after rain,shelter,0.74,31,23.0401,72.5103,2026-04-27 11:15:04.398564
R433,Injury needs urgent help,medical,0.79,114,23.1083,72.5194,2026-04-25 04:15:04.398574
R434,Medical emergency,medical,0.7,12,23.0824,72.5143,2026-04-27 15:15:04.398582
R435,People homeless,shelter,0.84,11,23.0979,72.6081,2026-04-25 01:15:04.398589
R436,Need shelter after rain,shelter,0.71,5,23.1118,72.5346,2026-04-27 21:15:04.398597
R437,No electricity in school,education,0.95,14,23.0144,72.6718,2026-04-27 04:15:04.398604
R438,No electricity in school,education,0.68,124,23.1359,72.6906,2026-04-26 03:15:04.398612
R439,No electricity in school,education,0.93,139,23.0593,72.6945,2026-04-25 07:15:04.398632
R440,Water shortage,water,0.64,128,23.0893,72.6608,2026-04-28 09:15:04.398640
R441,Houses damaged,shelter,0.76,24,23.1653,72.6179,2026-04-26 12:15:04.398647
R442,No drinking water,water,0.62,106,23.157,72.5486,2026-04-25 04:15:04.398655
R443,No food for 4 days,food,0.96,137,23.0172,72.5982,2026-04-27 08:15:04.398675
R444,Students affected,education,0.73,42,23.1859,72.6242,2026-04-24 16:15:04.398683
R445,Students affected,education,0.95,69,23.1145,72.5843,2026-04-24 23:15:04.398690
R446,Need clean water,water,0.6,92,23.1841,72.6906,2026-04-28 00:15:04.398698
R447,Need shelter after rain,shelter,0.66,70,23.0482,72.6523,2026-04-26 11:15:04.398705
R448,Water shortage,water,0.8,1,23.1323,72.5978,2026-04-27 12:15:04.398713
R449,No food for 2 days,food,0.68,56,23.0001,72.5106,2026-04-24 06:15:04.398723
R450,Need clean water,water,0.96,4,23.0731,72.5387,2026-04-25 03:15:04.398731
R451,Medical emergency,medical,0.98,10,23.0613,72.5699,2026-04-28 07:15:04.398741
R452,Water shortage,water,0.74,102,23.1147,72.5361,2026-04-27 10:15:04.398749
R453,No food for 5 days,food,0.98,51,23.1235,72.61,2026-04-26 13:15:04.398756
R454,Patient critical,medical,0.74,142,23.1697,72.6477,2026-04-24 06:15:04.398764
R455,School closed,education,0.8,113,23.1068,72.5734,2026-04-24 14:15:04.398774
R456,No drinking water,water,0.79,139,23.0966,72.6519,2026-04-25 02:15:04.398782
R457,Injury needs urgent help,medical,0.96,96,23.1645,72.5898,2026-04-25 18:15:04.398789
R458,People starving,food,0.78,50,23.1191,72.6969,2026-04-24 12:15:04.398798
R459,No food for 3 days,food,0.74,139,23.0571,72.6053,2026-04-25 07:15:04.398806
R460,Food shortage in area,food,0.61,98,23.1008,72.6613,2026-04-24 23:15:04.398813
R461,School closed,education,0.63,83,23.1711,72.6927,2026-04-26 23:15:04.398820
R462,School closed,education,1.0,99,23.0039,72.6725,2026-04-24 20:15:04.398828
R463,Patient critical,medical,0.81,77,23.1324,72.5118,2026-04-26 22:15:04.398898
R464,Injury needs urgent help,medical,1.0,129,23.0981,72.5348,2026-04-25 11:15:04.398906
R465,People homeless,shelter,0.98,61,23.1488,72.5286,2026-04-27 20:15:04.398915
R466,Food shortage in area,food,0.92,149,23.0301,72.5898,2026-04-25 18:15:04.398927
R467,People starving,food,0.7,150,23.1452,72.6529,2026-04-24 13:15:04.398955
R468,Injury needs urgent help,medical,0.8,82,23.1769,72.6837,2026-04-25 14:15:04.398963
R469,Injury needs urgent help,medical,0.75,93,23.0658,72.5907,2026-04-24 06:15:04.398975
R470,Injury needs urgent help,medical,0.95,75,23.0587,72.5309,2026-04-27 05:15:04.398982
R471,Water shortage,water,0.92,37,23.1893,72.6173,2026-04-25 21:15:04.398990
R472,Medical emergency,medical,0.89,106,23.1685,72.6027,2026-04-28 01:15:04.398999
R473,No electricity in school,education,0.96,97,23.0144,72.5426,2026-04-25 12:15:04.399008
R474,Medical emergency,medical,0.71,81,23.1265,72.6986,2026-04-26 17:15:04.399016
R475,Water shortage,water,0.87,24,23.187,72.6221,2026-04-28 09:15:04.399023
R476,No electricity in school,education,0.81,81,23.0143,72.6525,2026-04-24 13:15:04.399030
R477,Medical emergency,medical,0.74,59,23.1989,72.6224,2026-04-27 01:15:04.399037
R478,Need shelter after rain,shelter,0.73,48,23.0587,72.6021,2026-04-25 17:15:04.399044
R479,People homeless,shelter,0.94,106,23.0408,72.6151,2026-04-25 04:15:04.399052
R480,School closed,education,0.81,12,23.1245,72.6703,2026-04-25 03:15:04.399059
R481,No drinking water,water,0.73,104,23.0447,72.6615,2026-04-24 09:15:04.399066
R482,Need clean water,water,0.62,82,23.1792,72.6766,2026-04-24 06:15:04.399074
R483,No drinking water,water,0.82,80,23.1255,72.5204,2026-04-24 12:15:04.399081
R484,School closed,education,0.86,31,23.066,72.5464,2026-04-27 15:15:04.399088
R485,People starving,food,0.78,111,23.0732,72.6842,2026-04-26 05:15:04.399104
R486,Need shelter after rain,shelter,0.97,33,23.1921,72.5844,2026-04-25 10:15:04.399112
R487,Houses damaged,shelter,0.89,35,23.0305,72.6193,2026-04-27 13:15:04.399119
R488,Injury needs urgent help,medical,0.89,74,23.1286,72.537,2026-04-26 16:15:04.399130
R489,People homeless,shelter,0.64,73,23.1573,72.6629,2026-04-26 13:15:04.399138
R490,People homeless,shelter,0.78,130,23.1308,72.5568,2026-04-27 08:15:04.399145
R491,Need clean water,water,0.99,30,23.0459,72.6354,2026-04-25 04:15:04.399153
R492,Injury needs urgent help,medical,0.81,25,23.1943,72.6398,2026-04-27 03:15:04.399160
R493,People starving,food,0.79,31,23.0946,72.5848,2026-04-28 01:15:04.399168
R494,Injury needs urgent help,medical,0.64,9,23.0851,72.5767,2026-04-27 11:15:04.399175
R495,Injury needs urgent help,medical,0.69,52,23.1488,72.658,2026-04-24 20:15:04.399183
R496,Houses damaged,shelter,0.92,47,23.0149,72.5502,2026-04-26 17:15:04.399193
R497,People starving,food,0.64,106,23.0678,72.5743,2026-04-26 20:15:04.399210
R498,Houses damaged,shelter,0.64,31,23.1547,72.5214,2026-04-26 03:15:04.399218
R499,Houses damaged,shelter,0.94,32,23.0484,72.5884,2026-04-25 07:15:04.399225
R500,No electricity in school,education,0.68,105,23.0211,72.6335,2026-04-25 18:15:04.399233
R501,Food shortage in area,food,0.84,73,23.1276,72.6594,2026-04-27 23:15:04.399241
R502,No drinking water,water,0.86,126,23.0118,72.5774,2026-04-24 06:15:04.399248
R503,School closed,education,0.66,120,23.126,72.5061,2026-04-25 19:15:04.399255
R504,Students affected,education,0.65,35,23.0331,72.5531,2026-04-27 19:15:04.399265
R505,Patient critical,medical,0.71,78,23.1619,72.5419,2026-04-24 23:15:04.399272
R506,Water shortage,water,0.74,4,23.1479,72.6066,2026-04-25 03:15:04.399286
R507,Need clean water,water,0.86,34,23.0011,72.6837,2026-04-25 13:15:04.399294
R508,Need clean water,water,0.62,124,23.0986,72.5468,2026-04-25 20:15:04.399301
R509,No electricity in school,education,0.88,43,23.1512,72.5768,2026-04-26 01:15:04.399308
R510,School closed,education,0.83,22,23.1382,72.588,2026-04-27 15:15:04.399317
R511,School closed,education,0.97,82,23.0986,72.5805,2026-04-26 12:15:04.399325
R512,Need shelter after rain,shelter,0.99,127,23.1667,72.59,2026-04-25 00:15:04.399332
R513,Injury needs urgent help,medical,0.9,5,23.1184,72.6071,2026-04-24 08:15:04.399340
R514,Medical emergency,medical,0.91,92,23.0208,72.6543,2026-04-24 15:15:04.399348
R515,No drinking water,water,0.93,64,23.0024,72.527,2026-04-25 17:15:04.399355
R516,Need clean water,water,0.85,148,23.0881,72.6633,2026-04-27 17:15:04.399362
R517,Water shortage,water,0.61,66,23.066,72.682,2026-04-26 03:15:04.399370
R518,Patient critical,medical,0.76,69,23.0113,72.5331,2026-04-28 09:15:04.399378
R519,Houses damaged,shelter,0.9,105,23.0718,72.5774,2026-04-24 06:15:04.399385
R520,Patient critical,medical,0.99,35,23.0695,72.6976,2026-04-28 08:15:04.399392
R521,No drinking water,water,0.82,68,23.1026,72.6476,2026-04-25 16:15:04.399400
R522,Water shortage,water,0.71,36,23.1102,72.6612,2026-04-26 15:15:04.399408
R523,Medical emergency,medical,0.9,52,23.1859,72.6107,2026-04-24 12:15:04.399416
R524,No electricity in school,education,0.77,75,23.1986,72.653,2026-04-25 14:15:04.399427
R525,No drinking water,water,0.81,49,23.0996,72.6194,2026-04-27 06:15:04.399434
R526,People homeless,shelter,0.8,137,23.0716,72.5049,2026-04-25 08:15:04.399443
R527,Medical emergency,medical,0.71,57,23.1551,72.5951,2026-04-26 16:15:04.399457
R528,Medical emergency,medical,0.83,1,23.1862,72.6009,2026-04-25 08:15:04.399469
R529,People homeless,shelter,0.95,56,23.1684,72.5515,2026-04-27 21:15:04.399484
R530,No food for 4 days,food,0.68,103,23.1297,72.6414,2026-04-24 06:15:04.399493
R531,No drinking water,water,0.82,127,23.1452,72.5137,2026-04-24 11:15:04.399500
R532,Patient critical,medical,0.83,95,23.036,72.5259,2026-04-27 04:15:04.399507
R533,No food for 4 days,food,0.79,85,23.0074,72.624,2026-04-26 02:15:04.399515
R534,No drinking water,water,0.76,79,23.19,72.615,2026-04-25 05:15:04.399523
R535,Need shelter after rain,shelter,0.62,69,23.0134,72.6927,2026-04-27 04:15:04.399530
R536,Injury needs urgent help,medical,0.83,119,23.0172,72.6706,2026-04-27 10:15:04.399538
R537,People starving,food,0.67,121,23.1014,72.6591,2026-04-26 17:15:04.399546
R538,Injury needs urgent help,medical,0.97,67,23.118,72.5309,2026-04-27 22:15:04.399567
R539,School closed,education,0.7,29,23.0902,72.6343,2026-04-25 00:15:04.399575
R540,Patient critical,medical,0.64,17,23.1581,72.5963,2026-04-28 04:15:04.399583
R541,People starving,food,0.89,29,23.192,72.6647,2026-04-26 10:15:04.399591
R542,Patient critical,medical,0.87,91,23.111,72.6329,2026-04-25 13:15:04.399602
R543,No food for 2 days,food,0.95,101,23.1471,72.6214,2026-04-25 20:15:04.399610
R544,No drinking water,water,0.93,138,23.1307,72.5328,2026-04-24 21:15:04.399617
R545,No drinking water,water,0.74,38,23.0246,72.5109,2026-04-27 22:15:04.399624
R546,People starving,food,0.64,83,23.1698,72.6145,2026-04-26 23:15:04.399631
R547,Need shelter after rain,shelter,0.77,89,23.1634,72.5627,2026-04-27 01:15:04.399639
R548,People starving,food,0.68,115,23.0969,72.5361,2026-04-27 12:15:04.399646
R549,School closed,education,0.8,29,23.1918,72.6585,2026-04-28 08:15:04.399654
R550,Injury needs urgent help,medical,0.82,82,23.0775,72.6575,2026-04-26 12:15:04.399661
R551,Need shelter after rain,shelter,0.83,23,23.1327,72.5963,2026-04-26 21:15:04.399669
R552,People starving,food,0.76,120,23.0656,72.5735,2026-04-24 21:15:04.399676
R553,Need shelter after rain,shelter,0.9,66,23.1265,72.5929,2026-04-27 17:15:04.399683
R554,Water shortage,water,0.66,130,23.1154,72.6729,2026-04-24 10:15:04.399691
R555,Students affected,education,0.69,99,23.0817,72.6484,2026-04-28 03:15:04.399698
R556,Patient critical,medical,0.75,83,23.0276,72.6806,2026-04-24 07:15:04.399707
R557,No food for 2 days,food,0.87,137,23.1433,72.6071,2026-04-27 23:15:04.399714
R558,No electricity in school,education,0.65,130,23.0293,72.5268,2026-04-25 06:15:04.399722
R559,Students affected,education,0.61,133,23.0301,72.6155,2026-04-26 04:15:04.399730
R560,Houses damaged,shelter,0.65,145,23.0456,72.6752,2026-04-28 07:15:04.399737
R561,Injury needs urgent help,medical,0.91,16,23.0642,72.6178,2026-04-26 01:15:04.399748
R562,School closed,education,0.89,102,23.1939,72.618,2026-04-28 04:15:04.399756
R563,Patient critical,medical,0.87,11,23.1333,72.5078,2026-04-24 18:15:04.399763
R564,Need clean water,water,0.67,81,23.0881,72.568,2026-04-25 11:15:04.399770
R565,Food shortage in area,food,0.82,86,23.0331,72.5756,2026-04-27 01:15:04.399778
R566,Food shortage in area,food,0.72,101,23.166,72.5014,2026-04-26 17:15:04.399785
R567,People homeless,shelter,0.71,132,23.1544,72.5785,2026-04-24 12:15:04.399794
R568,Houses damaged,shelter,0.64,47,23.1096,72.5621,2026-04-25 06:15:04.399802
R569,People starving,food,0.89,37,23.1836,72.6716,2026-04-28 05:15:04.399809
R570,Medical emergency,medical,0.71,101,23.0292,72.664,2026-04-25 07:15:04.399817
R571,Need shelter after rain,shelter,0.65,84,23.0341,72.6957,2026-04-25 19:15:04.399824
R572,Need clean water,water,0.67,2,23.1474,72.5655,2026-04-25 06:15:04.399841
R573,Water shortage,water,0.84,137,23.1314,72.6727,2026-04-25 01:15:04.399851
R574,Water shortage,water,0.89,125,23.0459,72.635,2026-04-25 18:15:04.399858
R575,Need clean water,water,0.93,138,23.1051,72.5028,2026-04-27 10:15:04.399866
R576,Students affected,education,0.94,66,23.1975,72.6006,2026-04-26 13:15:04.399873
R577,Patient critical,medical,0.92,89,23.1476,72.5659,2026-04-26 13:15:04.399881
R578,Patient critical,medical,0.63,120,23.0743,72.508,2026-04-27 17:15:04.399888
R579,School closed,education,0.83,9,23.0457,72.5333,2026-04-25 05:15:04.399899
R580,No food for 3 days,food,0.83,8,23.1695,72.6922,2026-04-25 14:15:04.399907
R581,People homeless,shelter,0.68,76,23.0041,72.6159,2026-04-27 01:15:04.399914
R582,No drinking water,water,0.77,145,23.1455,72.5537,2026-04-27 15:15:04.399925
R583,People starving,food,0.94,110,23.1285,72.6097,2026-04-27 23:15:04.399933
R584,Patient critical,medical,0.75,141,23.0728,72.5656,2026-04-25 23:15:04.399940
R585,People homeless,shelter,0.86,11,23.0199,72.6019,2026-04-24 17:15:04.399947
R586,No drinking water,water,0.98,147,23.1839,72.6248,2026-04-27 17:15:04.399954
R587,Need clean water,water,0.83,6,23.033,72.6917,2026-04-24 11:15:04.399961
R588,No food for 5 days,food,0.85,62,23.1907,72.5466,2026-04-28 04:15:04.399969
R589,Houses damaged,shelter,0.86,97,23.1208,72.6478,2026-04-24 17:15:04.399977
R590,School closed,education,0.99,40,23.1897,72.5418,2026-04-27 19:15:04.399985
R591,Medical emergency,medical,0.67,146,23.1987,72.5032,2026-04-27 03:15:04.399992
R592,People starving,food,0.93,21,23.0108,72.5674,2026-04-26 09:15:04.400018
R593,Students affected,education,0.84,30,23.0244,72.5763,2026-04-24 11:15:04.400031
R594,People homeless,shelter,0.9,67,23.0103,72.5642,2026-04-24 23:15:04.400053
R595,Food shortage in area,food,0.6,26,23.003,72.6902,2026-04-25 19:15:04.400061
R596,Students affected,education,0.63,128,23.0178,72.5873,2026-04-28 01:15:04.400068
R597,Water shortage,water,0.64,8,23.14,72.6656,2026-04-24 19:15:04.400079
R598,Food shortage in area,food,0.94,19,23.1082,72.6879,2026-04-25 23:15:04.400086
R599,Need clean water,water,0.91,12,23.146,72.6411,2026-04-24 06:15:04.400093
R600,No electricity in school,education,0.98,34,23.0372,72.5415,2026-04-26 02:15:04.400102
R601,Medical emergency,medical,0.71,135,23.0679,72.687,2026-04-24 08:15:04.400109
R602,Students affected,education,1.0,14,23.0056,72.5828,2026-04-24 16:15:04.400116
R603,People homeless,shelter,0.95,116,23.0999,72.5944,2026-04-26 05:15:04.400124
R604,Injury needs urgent help,medical,0.99,117,23.1766,72.6919,2026-04-25 03:15:04.400132
R605,No electricity in school,education,0.96,58,23.1048,72.6684,2026-04-24 08:15:04.400139
R606,School closed,education,0.98,150,23.0815,72.6865,2026-04-27 12:15:04.400146
R607,Students affected,education,0.62,82,23.0759,72.6363,2026-04-24 22:15:04.400154
R608,Need shelter after rain,shelter,0.65,38,23.1573,72.6533,2026-04-27 02:15:04.400161
R609,No electricity in school,education,0.87,94,23.0693,72.5294,2026-04-27 08:15:04.400168
R610,Need shelter after rain,shelter,0.76,94,23.0172,72.6811,2026-04-27 09:15:04.400175
R611,People starving,food,0.68,68,23.1803,72.5414,2026-04-25 22:15:04.400182
R612,Food shortage in area,food,0.73,149,23.063,72.508,2026-04-28 06:15:04.400189
R613,Houses damaged,shelter,0.98,74,23.0188,72.6983,2026-04-24 11:15:04.400197
R614,Houses damaged,shelter,0.92,96,23.1213,72.5102,2026-04-27 09:15:04.400204
R615,Students affected,education,0.68,53,23.088,72.604,2026-04-28 00:15:04.400215
R616,People starving,food,0.86,78,23.0605,72.6867,2026-04-27 06:15:04.400226
R617,No electricity in school,education,0.75,41,23.0239,72.6672,2026-04-26 09:15:04.400233
R618,Medical emergency,medical,0.97,83,23.1348,72.621,2026-04-26 00:15:04.400240
R619,No electricity in school,education,0.67,72,23.0725,72.6806,2026-04-25 17:15:04.400248
R620,No electricity in school,education,0.75,115,23.0622,72.5267,2026-04-25 08:15:04.400255
R621,Medical emergency,medical,0.97,109,23.1591,72.682,2026-04-27 05:15:04.400263
R622,People homeless,shelter,0.69,19,23.1192,72.6111,2026-04-27 19:15:04.400271
R623,Injury needs urgent help,medical,0.97,19,23.0592,72.5322,2026-04-27 22:15:04.400279
R624,No food for 3 days,food,0.94,91,23.1262,72.6991,2026-04-28 06:15:04.400287
R625,Injury needs urgent help,medical,0.85,32,23.183,72.6896,2026-04-25 12:15:04.400295
R626,Patient critical,medical,0.86,99,23.0835,72.6863,2026-04-24 06:15:04.400302
R627,No food for 3 days,food,0.88,108,23.0072,72.6128,2026-04-27 00:15:04.400313
R628,Injury needs urgent help,medical,0.73,92,23.0057,72.5621,2026-04-26 06:15:04.400320
R629,Need shelter after rain,shelter,0.67,16,23.0605,72.5598,2026-04-26 10:15:04.400327
R630,Need shelter after rain,shelter,0.82,134,23.1762,72.5025,2026-04-26 17:15:04.400335
R631,No drinking water,water,0.78,54,23.0513,72.5016,2026-04-27 10:15:04.400352
R632,People homeless,shelter,0.98,17,23.1209,72.5885,2026-04-24 12:15:04.400360
R633,Need shelter after rain,shelter,0.84,106,23.009,72.5182,2026-04-26 11:15:04.400368
R634,Students affected,education,0.95,3,23.0567,72.6287,2026-04-25 07:15:04.400379
R635,Medical emergency,medical,0.96,21,23.0114,72.5207,2026-04-26 01:15:04.400401
R636,Need clean water,water,0.97,52,23.0895,72.6279,2026-04-27 14:15:04.400409
R637,People starving,food,0.73,143,23.1397,72.6919,2026-04-25 14:15:04.400416
R638,Medical emergency,medical,0.68,1,23.0009,72.6106,2026-04-27 12:15:04.400424
R639,Need shelter after rain,shelter,0.89,12,23.0407,72.5618,2026-04-27 12:15:04.400431
R640,School closed,education,0.91,63,23.0785,72.5134,2026-04-27 07:15:04.400439
R641,Water shortage,water,0.91,25,23.0404,72.6892,2026-04-28 07:15:04.400446
R642,School closed,education,0.97,18,23.0115,72.536,2026-04-25 19:15:04.400453
R643,School closed,education,0.89,118,23.0715,72.6789,2026-04-25 01:15:04.400461
R644,Students affected,education,0.91,99,23.1954,72.5953,2026-04-24 05:15:04.400468
R645,No electricity in school,education,0.63,109,23.0971,72.6772,2026-04-27 19:15:04.400476
R646,No drinking water,water,0.75,56,23.1231,72.6478,2026-04-24 18:15:04.400483
R647,School closed,education,0.83,10,23.191,72.5233,2026-04-26 02:15:04.400679
R648,Need shelter after rain,shelter,0.88,15,23.0823,72.5105,2026-04-25 03:15:04.400700
R649,No food for 4 days,food,0.73,92,23.0607,72.6187,2026-04-26 06:15:04.400710
R650,Students affected,education,0.78,55,23.0538,72.5892,2026-04-27 15:15:04.400721
R651,Water shortage,water,0.73,145,23.0641,72.6298,2026-04-27 15:15:04.400730
R652,Food shortage in area,food,0.96,18,23.1402,72.6954,2026-04-26 04:15:04.400752
R653,Water shortage,water,0.68,134,23.0914,72.6316,2026-04-26 09:15:04.400765
R654,Need clean water,water,0.63,40,23.1429,72.5067,2026-04-24 15:15:04.400774
R655,Houses damaged,shelter,0.91,126,23.0128,72.6348,2026-04-26 23:15:04.400782
R656,Need clean water,water,0.81,17,23.1115,72.5973,2026-04-27 13:15:04.400800
R657,People homeless,shelter,0.63,50,23.0767,72.61,2026-04-28 09:15:04.400813
R658,Students affected,education,0.87,41,23.168,72.5664,2026-04-24 10:15:04.400824
R659,Water shortage,water,0.68,82,23.1619,72.603,2026-04-27 15:15:04.400831
R660,Injury needs urgent help,medical,0.79,4,23.0395,72.677,2026-04-27 14:15:04.400839
R661,People starving,food,0.85,1,23.1582,72.6489,2026-04-25 03:15:04.400850
R662,Need shelter after rain,shelter,0.82,64,23.0748,72.65,2026-04-26 12:15:04.400863
R663,No electricity in school,education,0.66,40,23.1619,72.6874,2026-04-24 20:15:04.400875
R664,Medical emergency,medical,1.0,63,23.1483,72.6063,2026-04-24 08:15:04.400885
R665,Medical emergency,medical,0.64,104,23.1986,72.5516,2026-04-26 08:15:04.400894
R666,Medical emergency,medical,0.75,94,23.082,72.5326,2026-04-27 20:15:04.400901
R667,Need clean water,water,0.99,137,23.0398,72.6492,2026-04-24 20:15:04.400917
R668,Students affected,education,0.93,101,23.0016,72.6398,2026-04-26 20:15:04.400924
R669,Medical emergency,medical,0.9,130,23.0475,72.6022,2026-04-28 00:15:04.400932
R670,People homeless,shelter,0.94,55,23.1011,72.6463,2026-04-26 07:15:04.400943
R671,No drinking water,water,0.86,79,23.1648,72.6183,2026-04-27 14:15:04.400950
R672,No drinking water,water,0.64,12,23.0186,72.5383,2026-04-25 04:15:04.400958
R673,No electricity in school,education,0.85,98,23.1709,72.5938,2026-04-24 06:15:04.400967
R674,Need shelter after rain,shelter,0.91,69,23.0916,72.6464,2026-04-25 02:15:04.400976
R675,People starving,food,0.94,44,23.0379,72.6626,2026-04-27 08:15:04.400983
R676,No electricity in school,education,0.95,57,23.0556,72.6979,2026-04-25 14:15:04.400991
R677,Water shortage,water,0.88,36,23.1673,72.5635,2026-04-24 18:15:04.400998
R678,No electricity in school,education,0.83,74,23.034,72.5693,2026-04-25 15:15:04.401006
R679,Injury needs urgent help,medical,0.64,65,23.1777,72.5189,2026-04-24 20:15:04.401017
R680,Food shortage in area,food,0.86,15,23.0868,72.6834,2026-04-25 18:15:04.401030
R681,Patient critical,medical,0.65,38,23.1378,72.6491,2026-04-25 14:15:04.401042
R682,No drinking water,water,0.99,99,23.1386,72.6299,2026-04-25 10:15:04.401054
R683,Students affected,education,0.9,1,23.0634,72.6217,2026-04-24 05:15:04.401062
R684,Houses damaged,shelter,0.66,34,23.1518,72.5706,2026-04-28 07:15:04.401069
R685,Students affected,education,0.96,28,23.0286,72.5958,2026-04-25 00:15:04.401077
R686,Need clean water,water,0.81,21,23.0577,72.5075,2026-04-25 14:15:04.401084
R687,Students affected,education,0.67,22,23.0531,72.6002,2026-04-27 06:15:04.401092
R688,No drinking water,water,0.95,103,23.0661,72.6684,2026-04-25 16:15:04.401099
R689,No drinking water,water,0.91,35,23.1368,72.5322,2026-04-24 15:15:04.401112
R690,Patient critical,medical,0.93,9,23.1188,72.6293,2026-04-28 01:15:04.401120
R691,Need clean water,water,0.66,8,23.1726,72.6518,2026-04-26 05:15:04.401128
R692,No electricity in school,education,0.62,61,23.029,72.5988,2026-04-26 10:15:04.401142
R693,Water shortage,water,0.73,72,23.0921,72.6836,2026-04-28 03:15:04.401154
R694,Food shortage in area,food,0.84,60,23.1981,72.5876,2026-04-28 08:15:04.401167
R695,No electricity in school,education,0.86,9,23.1615,72.5205,2026-04-25 22:15:04.401187
R696,Medical emergency,medical,0.78,29,23.053,72.6523,2026-04-24 23:15:04.401197
R697,Need clean water,water,0.89,28,23.0529,72.6831,2026-04-27 08:15:04.401205
R698,Need clean water,water,0.67,108,23.0238,72.6839,2026-04-24 10:15:04.401213
R699,Food shortage in area,food,0.84,49,23.0575,72.5704,2026-04-28 00:15:04.401220
R700,No electricity in school,education,0.94,82,23.167,72.6294,2026-04-24 09:15:04.401228
R701,Patient critical,medical,0.81,52,23.1861,72.6394,2026-04-26 06:15:04.401235
R702,Medical emergency,medical,0.75,1,23.1039,72.6439,2026-04-24 20:15:04.401243
R703,Injury needs urgent help,medical,0.7,5,23.1433,72.6761,2026-04-26 11:15:04.401250
R704,No food for 3 days,food,0.71,65,23.073,72.5177,2026-04-27 18:15:04.401263
R705,Patient critical,medical,0.89,135,23.1523,72.6308,2026-04-27 11:15:04.401271
R706,People homeless,shelter,0.99,59,23.1755,72.522,2026-04-26 16:15:04.401279
R707,Water shortage,water,0.96,2,23.1931,72.5889,2026-04-24 16:15:04.401289
R708,Injury needs urgent help,medical,0.74,46,23.1828,72.6607,2026-04-28 00:15:04.401303
R709,Injury needs urgent help,medical,0.6,19,23.0513,72.6823,2026-04-25 23:15:04.401315
R710,No electricity in school,education,0.87,30,23.1727,72.6497,2026-04-26 02:15:04.401327
R711,Need shelter after rain,shelter,0.64,36,23.0056,72.6339,2026-04-27 17:15:04.401346
R712,School closed,education,0.92,145,23.1412,72.6812,2026-04-25 04:15:04.401357
R713,No food for 4 days,food,0.78,107,23.1996,72.6557,2026-04-28 04:15:04.401371
R714,No drinking water,water,0.96,40,23.0746,72.5681,2026-04-27 01:15:04.401382
R715,People starving,food,0.62,6,23.1657,72.5893,2026-04-28 02:15:04.401395
R716,Medical emergency,medical,0.99,117,23.1978,72.5747,2026-04-27 08:15:04.401414
R717,No drinking water,water,0.92,55,23.0119,72.5837,2026-04-28 03:15:04.401421
R718,Food shortage in area,food,0.65,33,23.0363,72.693,2026-04-25 05:15:04.401428
R719,People homeless,shelter,0.77,67,23.0541,72.5804,2026-04-26 07:15:04.401436
R720,School closed,education,0.89,108,23.078,72.5021,2026-04-27 08:15:04.401443
R721,Food shortage in area,food,0.98,131,23.0582,72.6906,2026-04-25 02:15:04.401450
R722,Need clean water,water,0.71,105,23.0468,72.6466,2026-04-27 21:15:04.401457
R723,Food shortage in area,food,0.78,104,23.0852,72.5414,2026-04-27 23:15:04.401477
R724,Need shelter after rain,shelter,0.67,41,23.1065,72.5491,2026-04-26 03:15:04.401488
R725,School closed,education,0.73,99,23.1605,72.636,2026-04-25 23:15:04.401506
R726,Houses damaged,shelter,0.8,93,23.159,72.5495,2026-04-28 04:15:04.401519
R727,Houses damaged,shelter,0.61,109,23.1146,72.5081,2026-04-26 03:15:04.401532
R728,People homeless,shelter,0.91,136,23.1217,72.599,2026-04-27 12:15:04.401551
R729,Students affected,education,0.66,58,23.0419,72.6125,2026-04-27 12:15:04.401559
R730,Medical emergency,medical,0.66,73,23.0256,72.6902,2026-04-24 06:15:04.401566
R731,Need clean water,water,0.98,128,23.0707,72.6459,2026-04-25 00:15:04.401574
R732,Need clean water,water,0.94,51,23.0077,72.6938,2026-04-27 17:15:04.401582
R733,Need shelter after rain,shelter,0.85,94,23.1224,72.6916,2026-04-24 19:15:04.401589
R734,People starving,food,0.95,19,23.0329,72.5221,2026-04-26 18:15:04.401598
R735,People starving,food,0.82,2,23.1391,72.6696,2026-04-27 03:15:04.401605
R736,No drinking water,water,0.67,84,23.0566,72.6114,2026-04-26 12:15:04.401612
R737,People homeless,shelter,0.71,147,23.1062,72.5681,2026-04-26 16:15:04.401619
R738,No drinking water,water,0.69,21,23.1,72.6651,2026-04-24 10:15:04.401627
R739,Water shortage,water,0.83,126,23.027,72.5077,2026-04-27 23:15:04.401634
R740,No food for 1 days,food,0.74,137,23.0875,72.5087,2026-04-28 01:15:04.401642
R741,Water shortage,water,0.66,83,23.0587,72.6244,2026-04-25 13:15:04.401650
R742,Need clean water,water,0.85,13,23.1618,72.5225,2026-04-26 10:15:04.401657
R743,No electricity in school,education,0.71,16,23.0441,72.5542,2026-04-25 08:15:04.401668
R744,Need shelter after rain,shelter,0.97,42,23.1966,72.5283,2026-04-28 06:15:04.401679
R745,Students affected,education,0.73,37,23.0751,72.5017,2026-04-25 16:15:04.401687
R746,Medical emergency,medical,0.73,28,23.1629,72.5375,2026-04-24 17:15:04.401694
R747,Medical emergency,medical,0.69,80,23.1208,72.5617,2026-04-24 21:15:04.401705
R748,People homeless,shelter,0.98,121,23.0214,72.5236,2026-04-27 10:15:04.401712
R749,No electricity in school,education,0.67,118,23.0705,72.504,2026-04-24 12:15:04.401726
R750,Food shortage in area,food,0.8,51,23.0833,72.5581,2026-04-24 16:15:04.401739
R751,No electricity in school,education,0.72,98,23.0979,72.5392,2026-04-26 00:15:04.401750
R752,Need shelter after rain,shelter,0.66,45,23.0334,72.6056,2026-04-25 23:15:04.401761
R753,No drinking water,water,0.67,109,23.1203,72.6194,2026-04-27 04:15:04.401769
R754,Injury needs urgent help,medical,0.92,60,23.1776,72.5461,2026-04-25 16:15:04.401776
R755,Food shortage in area,food,0.78,9,23.0319,72.6289,2026-04-25 13:15:04.401783
R756,Medical emergency,medical,0.92,29,23.1947,72.5008,2026-04-26 17:15:04.401791
R757,Houses damaged,shelter,0.77,95,23.0305,72.6941,2026-04-25 05:15:04.401799
R758,No food for 2 days,food,0.85,56,23.048,72.6697,2026-04-24 09:15:04.401807
R759,No drinking water,water,0.7,107,23.0251,72.6974,2026-04-28 09:15:04.401847
R760,No drinking water,water,0.66,15,23.0205,72.562,2026-04-27 12:15:04.401858
R761,Patient critical,medical,0.81,145,23.0652,72.6531,2026-04-24 22:15:04.401866
R762,Food shortage in area,food,0.67,141,23.1345,72.5312,2026-04-25 08:15:04.401928
R763,Patient critical,medical,0.64,85,23.1381,72.6843,2026-04-27 22:15:04.401957
R764,Students affected,education,0.96,145,23.0187,72.6841,2026-04-24 08:15:04.401971
R765,Injury needs urgent help,medical,0.75,135,23.0964,72.6531,2026-04-27 22:15:04.401979
R766,Houses damaged,shelter,0.73,49,23.1045,72.5298,2026-04-28 07:15:04.401987
R767,Medical emergency,medical,0.65,87,23.0909,72.5353,2026-04-27 14:15:04.401996
R768,No drinking water,water,0.75,143,23.0863,72.6575,2026-04-24 16:15:04.402003
R769,Injury needs urgent help,medical,0.65,68,23.1901,72.6397,2026-04-27 11:15:04.402010
R770,Houses damaged,shelter,0.82,117,23.1693,72.6588,2026-04-24 14:15:04.402018
R771,Patient critical,medical,0.72,135,23.1758,72.6607,2026-04-27 12:15:04.402025
R772,Need shelter after rain,shelter,0.89,54,23.1437,72.5995,2026-04-25 12:15:04.402033
R773,Need clean water,water,0.86,64,23.1956,72.6487,2026-04-25 23:15:04.402050
R774,No food for 4 days,food,0.68,17,23.0273,72.5706,2026-04-25 23:15:04.402064
R775,Water shortage,water,0.62,62,23.1979,72.6661,2026-04-26 01:15:04.402079
R776,School closed,education,0.67,87,23.0827,72.6248,2026-04-26 16:15:04.402087
R777,Need shelter after rain,shelter,0.61,70,23.181,72.6834,2026-04-27 08:15:04.402100
R778,Food shortage in area,food,0.75,136,23.1009,72.5213,2026-04-25 07:15:04.402112
R779,School closed,education,0.94,108,23.1145,72.6795,2026-04-26 14:15:04.402155
R780,Houses damaged,shelter,0.91,132,23.1897,72.5336,2026-04-27 15:15:04.402187
R781,Houses damaged,shelter,0.89,47,23.19,72.5888,2026-04-26 09:15:04.402195
R782,No electricity in school,education,0.81,120,23.1786,72.599,2026-04-25 06:15:04.402202
R783,Houses damaged,shelter,0.72,14,23.0371,72.6581,2026-04-26 03:15:04.402209
R784,People starving,food,0.8,75,23.1582,72.6053,2026-04-25 13:15:04.402225
R785,Food shortage in area,food,0.76,55,23.0928,72.6717,2026-04-25 07:15:04.402239
R786,No food for 4 days,food,0.9,49,23.1206,72.5727,2026-04-26 17:15:04.402251
R787,People starving,food,0.82,17,23.1428,72.6103,2026-04-24 17:15:04.402272
R788,No drinking water,water,0.78,48,23.0742,72.5654,2026-04-26 23:15:04.402281
R789,Students affected,education,0.71,145,23.1346,72.5153,2026-04-24 08:15:04.402291
R790,Need clean water,water,0.82,75,23.013,72.6194,2026-04-26 06:15:04.402304
R791,No drinking water,water,0.89,127,23.1144,72.5536,2026-04-26 19:15:04.402311
R792,School closed,education,0.95,42,23.0828,72.6059,2026-04-27 15:15:04.402320
R793,Houses damaged,shelter,0.86,16,23.0575,72.5392,2026-04-26 11:15:04.402328
R794,Houses damaged,shelter,1.0,4,23.0693,72.6466,2026-04-26 00:15:04.402335
R795,Injury needs urgent help,medical,0.77,148,23.0536,72.5851,2026-04-26 10:15:04.402373
R796,People homeless,shelter,0.9,140,23.0067,72.596,2026-04-27 03:15:04.402383
R797,Students affected,education,0.94,110,23.0348,72.65,2026-04-24 19:15:04.402391
R798,Students affected,education,0.75,67,23.0425,72.5949,2026-04-26 12:15:04.402403
R799,No electricity in school,education,0.93,3,23.1435,72.571,2026-04-27 18:15:04.402411
R800,No drinking water,water,0.88,130,23.0287,72.6669,2026-04-25 04:15:04.402419
R801,Need shelter after rain,shelter,0.66,10,23.0058,72.6,2026-04-27 07:15:04.402441
R802,Medical emergency,medical,0.64,148,23.1755,72.6954,2026-04-26 12:15:04.402449
R803,People starving,food,0.85,37,23.0543,72.6815,2026-04-27 05:15:04.402456
R804,School closed,education,0.61,147,23.0539,72.5591,2026-04-25 13:15:04.402464
R805,Students affected,education,0.79,132,23.0402,72.563,2026-04-25 14:15:04.402471
R806,Houses damaged,shelter,0.73,138,23.0742,72.5347,2026-04-27 11:15:04.402478
R807,Students affected,education,0.78,43,23.1753,72.6856,2026-04-25 02:15:04.402490
R808,Food shortage in area,food,0.88,140,23.1203,72.5704,2026-04-27 16:15:04.402497
R809,Patient critical,medical,0.78,59,23.1537,72.6052,2026-04-26 12:15:04.402504
R810,People homeless,shelter,0.8,56,23.133,72.5228,2026-04-25 16:15:04.402512
R811,Houses damaged,shelter,0.87,102,23.1095,72.5438,2026-04-26 12:15:04.402519
R812,Need shelter after rain,shelter,0.95,41,23.016,72.6535,2026-04-26 22:15:04.402526
R813,Injury needs urgent help,medical,0.95,8,23.196,72.6014,2026-04-28 07:15:04.402534
R814,Injury needs urgent help,medical,0.77,126,23.1591,72.5068,2026-04-24 11:15:04.402541
R815,Need shelter after rain,shelter,0.93,111,23.0953,72.5483,2026-04-27 15:15:04.402549
R816,Injury needs urgent help,medical,0.76,126,23.1187,72.6397,2026-04-26 09:15:04.402556
R817,Patient critical,medical,0.84,58,23.0875,72.6652,2026-04-27 07:15:04.402567
R818,Water shortage,water,0.78,127,23.0339,72.6386,2026-04-26 05:15:04.402580
R819,Students affected,education,0.81,48,23.1953,72.6297,2026-04-25 17:15:04.402592
R820,Medical emergency,medical,0.88,17,23.1136,72.5829,2026-04-27 02:15:04.402633
R821,Need shelter after rain,shelter,0.61,67,23.1019,72.6434,2026-04-25 08:15:04.402671
R822,People homeless,shelter,0.82,68,23.005,72.6201,2026-04-28 07:15:04.402685
R823,Need shelter after rain,shelter,0.83,5,23.1997,72.636,2026-04-26 01:15:04.402697
R824,Need clean water,water,0.86,110,23.0561,72.6181,2026-04-26 04:15:04.402706
R825,Students affected,education,0.99,35,23.1301,72.5031,2026-04-25 03:15:04.402713
R826,Medical emergency,medical,0.72,45,23.1374,72.5049,2026-04-25 12:15:04.402720
R827,No drinking water,water,0.77,26,23.0729,72.5086,2026-04-24 09:15:04.402727
R828,Patient critical,medical,0.72,104,23.034,72.5155,2026-04-25 07:15:04.402735
R829,Houses damaged,shelter,0.68,16,23.1499,72.5988,2026-04-26 23:15:04.402742
R830,Students affected,education,0.62,71,23.1222,72.5441,2026-04-26 16:15:04.402749
R831,Need shelter after rain,shelter,0.7,2,23.0049,72.5946,2026-04-26 20:15:04.402757
R832,Patient critical,medical,0.83,83,23.1066,72.604,2026-04-27 01:15:04.402764
R833,No electricity in school,education,0.88,116,23.1732,72.6791,2026-04-26 01:15:04.402776
R834,No electricity in school,education,0.76,51,23.0506,72.5181,2026-04-25 14:15:04.402810
R835,Students affected,education,0.89,150,23.0309,72.61,2026-04-26 12:15:04.402831
R836,Need shelter after rain,shelter,0.84,42,23.0196,72.5332,2026-04-26 18:15:04.402841
R837,Students affected,education,0.91,117,23.0888,72.6396,2026-04-28 06:15:04.402849
R838,People starving,food,0.89,39,23.0017,72.6106,2026-04-27 00:15:04.402856
R839,Food shortage in area,food,0.73,123,23.0501,72.5457,2026-04-26 04:15:04.402867
R840,Houses damaged,shelter,0.61,30,23.1124,72.5641,2026-04-27 18:15:04.402874
R841,Water shortage,water,0.78,111,23.0513,72.6058,2026-04-26 20:15:04.402906
R842,No drinking water,water,0.76,126,23.1967,72.5294,2026-04-24 21:15:04.402915
R843,Medical emergency,medical,0.95,39,23.061,72.6276,2026-04-26 15:15:04.402923
R844,Students affected,education,0.77,76,23.0235,72.6248,2026-04-24 17:15:04.402931
R845,Water shortage,water,0.97,6,23.0429,72.5716,2026-04-24 19:15:04.402939
R846,Houses damaged,shelter,0.93,128,23.0693,72.5765,2026-04-26 06:15:04.402955
R847,People starving,food,0.87,85,23.0146,72.6485,2026-04-24 07:15:04.402967
R848,Houses damaged,shelter,0.68,120,23.1739,72.5853,2026-04-27 20:15:04.402978
R849,Water shortage,water,0.68,55,23.049,72.6111,2026-04-25 05:15:04.402989
R850,Food shortage in area,food,0.7,21,23.1209,72.5303,2026-04-27 17:15:04.403002
R851,Food shortage in area,food,0.97,96,23.1042,72.5399,2026-04-28 06:15:04.403013
R852,No food for 1 days,food,0.98,141,23.1318,72.5829,2026-04-26 09:15:04.403022
R853,Injury needs urgent help,medical,0.62,142,23.0995,72.5956,2026-04-27 01:15:04.403069
R854,People starving,food,0.96,134,23.12,72.5607,2026-04-26 03:15:04.403079
R855,No food for 5 days,food,0.85,9,23.1293,72.6526,2026-04-27 04:15:04.403087
R856,People starving,food,0.84,34,23.169,72.5268,2026-04-25 08:15:04.403111
R857,Students affected,education,0.9,70,23.1735,72.5761,2026-04-24 17:15:04.403120
R858,No drinking water,water,0.69,85,23.0418,72.6739,2026-04-24 23:15:04.403128
R859,Patient critical,medical,0.65,62,23.0385,72.5467,2026-04-28 07:15:04.403135
R860,Medical emergency,medical,0.67,78,23.0001,72.5885,2026-04-27 07:15:04.403143
R861,Need shelter after rain,shelter,0.73,46,23.0663,72.6127,2026-04-27 14:15:04.403150
R862,People homeless,shelter,0.74,121,23.0218,72.6557,2026-04-25 08:15:04.403170
R863,Injury needs urgent help,medical,0.66,146,23.1369,72.5947,2026-04-26 07:15:04.403178
R864,Patient critical,medical,0.9,15,23.1173,72.6036,2026-04-27 15:15:04.403186
R865,Injury needs urgent help,medical,0.74,116,23.05,72.522,2026-04-25 23:15:04.403193
R866,Medical emergency,medical,0.74,97,23.036,72.59,2026-04-25 17:15:04.403200
R867,Water shortage,water,0.73,9,23.1298,72.664,2026-04-27 01:15:04.403208
R868,Food shortage in area,food,0.65,108,23.0143,72.5011,2026-04-27 21:15:04.403216
R869,No electricity in school,education,0.82,92,23.1611,72.5532,2026-04-25 03:15:04.403223
R870,Water shortage,water,0.92,132,23.0129,72.5255,2026-04-26 15:15:04.403231
R871,No food for 2 days,food,0.77,84,23.1987,72.6052,2026-04-25 20:15:04.403261
R872,Patient critical,medical,0.83,18,23.1221,72.5079,2026-04-27 17:15:04.403271
R873,Patient critical,medical,0.88,95,23.0578,72.6505,2026-04-25 04:15:04.403279
R874,No food for 2 days,food,0.86,37,23.1162,72.6382,2026-04-27 20:15:04.403287
R875,Need shelter after rain,shelter,0.81,122,23.0949,72.6798,2026-04-24 16:15:04.403297
R876,Injury needs urgent help,medical,0.98,109,23.0722,72.5843,2026-04-26 10:15:04.403305
R877,Injury needs urgent help,medical,0.69,108,23.1153,72.5749,2026-04-27 09:15:04.403344
R878,School closed,education,0.86,131,23.146,72.5694,2026-04-27 17:15:04.403360
R879,School closed,education,0.76,34,23.0198,72.5296,2026-04-27 18:15:04.403373
R880,School closed,education,0.72,75,23.0485,72.5982,2026-04-26 23:15:04.403384
R881,Need shelter after rain,shelter,0.95,147,23.0535,72.5264,2026-04-28 00:15:04.403392
R882,Patient critical,medical,0.93,70,23.0393,72.5115,2026-04-24 11:15:04.403400
R883,Patient critical,medical,0.77,32,23.1875,72.5368,2026-04-24 10:15:04.403407
R884,People starving,food,0.99,123,23.0609,72.6699,2026-04-26 04:15:04.403414
R885,Food shortage in area,food,0.97,1,23.1727,72.6521,2026-04-24 22:15:04.403422
R886,No electricity in school,education,0.89,110,23.0697,72.582,2026-04-27 05:15:04.403429
R887,No electricity in school,education,0.99,82,23.1679,72.6392,2026-04-26 08:15:04.403436
R888,Houses damaged,shelter,0.66,90,23.0593,72.5722,2026-04-27 06:15:04.403446
R889,Need clean water,water,0.95,2,23.0878,72.5428,2026-04-26 19:15:04.403478
R890,Food shortage in area,food,0.88,5,23.1391,72.612,2026-04-28 00:15:04.403496
R891,No drinking water,water,0.67,67,23.024,72.6268,2026-04-24 08:15:04.403504
R892,Students affected,education,0.67,100,23.0963,72.6915,2026-04-25 03:15:04.403512
R893,Medical emergency,medical,0.62,77,23.1203,72.5895,2026-04-28 00:15:04.403534
R894,Houses damaged,shelter,0.95,30,23.1181,72.527,2026-04-27 09:15:04.403542
R895,People starving,food,0.66,138,23.1808,72.6138,2026-04-24 23:15:04.403549
R896,Students affected,education,0.89,71,23.0394,72.5656,2026-04-26 08:15:04.403557
R897,Need clean water,water,0.74,46,23.089,72.6066,2026-04-27 13:15:04.403564
R898,Water shortage,water,0.83,61,23.0532,72.577,2026-04-24 11:15:04.403571
R899,No electricity in school,education,0.61,141,23.1472,72.5588,2026-04-24 07:15:04.403579
R900,Water shortage,water,0.96,137,23.1674,72.6752,2026-04-26 10:15:04.403586
R901,Patient critical,medical,0.72,94,23.0374,72.5961,2026-04-27 20:15:04.403594
R902,No electricity in school,education,0.79,110,23.1942,72.6768,2026-04-26 09:15:04.403601
R903,Houses damaged,shelter,0.61,31,23.0692,72.6626,2026-04-25 19:15:04.403609
R904,School closed,education,0.72,68,23.1142,72.6679,2026-04-28 01:15:04.403616
R905,Patient critical,medical,0.84,87,23.1763,72.6339,2026-04-25 19:15:04.403624
R906,Need clean water,water,0.96,28,23.0237,72.6484,2026-04-27 12:15:04.403656
R907,People homeless,shelter,0.77,50,23.111,72.5317,2026-04-24 21:15:04.403663
R908,Need shelter after rain,shelter,0.81,29,23.0188,72.5709,2026-04-24 11:15:04.403680
R909,School closed,education,0.76,27,23.0639,72.6187,2026-04-24 05:15:04.403688
R910,People homeless,shelter,0.61,130,23.0057,72.6409,2026-04-24 11:15:04.403696
R911,No drinking water,water,0.97,106,23.0284,72.6301,2026-04-26 22:15:04.403731
R912,People homeless,shelter,0.94,124,23.1008,72.6389,2026-04-26 09:15:04.403738
R913,No electricity in school,education,0.87,91,23.041,72.6966,2026-04-24 11:15:04.403746
R914,Students affected,education,0.68,95,23.1085,72.6956,2026-04-27 20:15:04.403761
R915,Need clean water,water,0.84,22,23.0999,72.6589,2026-04-25 06:15:04.403774
R916,Patient critical,medical,0.79,47,23.0424,72.5455,2026-04-26 01:15:04.403788
R917,Patient critical,medical,0.65,138,23.1077,72.5674,2026-04-25 01:15:04.403795
R918,Students affected,education,0.87,144,23.1325,72.6657,2026-04-26 19:15:04.403803
R919,Houses damaged,shelter,0.86,12,23.1633,72.5458,2026-04-25 14:15:04.403810
R920,No electricity in school,education,0.98,61,23.1466,72.5054,2026-04-24 20:15:04.403831
R921,Medical emergency,medical,0.91,46,23.0661,72.5523,2026-04-25 15:15:04.403838
R922,Water shortage,water,0.73,14,23.0932,72.6461,2026-04-28 09:15:04.403846
R923,Food shortage in area,food,0.9,98,23.0258,72.5138,2026-04-25 23:15:04.403854
R924,No electricity in school,education,0.83,10,23.0654,72.5735,2026-04-25 23:15:04.403861
R925,School closed,education,0.97,85,23.1751,72.6611,2026-04-28 02:15:04.403873
R926,No food for 1 days,food,0.94,129,23.0536,72.6598,2026-04-28 03:15:04.403891
R927,Need clean water,water,0.82,33,23.049,72.6691,2026-04-24 08:15:04.404082
R928,No food for 3 days,food,0.84,100,23.1361,72.5155,2026-04-25 08:15:04.404101
R929,Houses damaged,shelter,0.79,49,23.0756,72.5916,2026-04-27 10:15:04.404108
R930,People homeless,shelter,0.76,30,23.0277,72.6287,2026-04-25 02:15:04.404117
R931,School closed,education,0.79,47,23.1627,72.5543,2026-04-25 15:15:04.404124
R932,No drinking water,water,0.75,77,23.1165,72.5416,2026-04-26 09:15:04.404132
R933,Medical emergency,medical,0.95,43,23.0799,72.5531,2026-04-25 10:15:04.404139
R934,Patient critical,medical,0.91,66,23.0822,72.5029,2026-04-25 04:15:04.404146
R935,No electricity in school,education,0.78,98,23.1346,72.656,2026-04-24 13:15:04.404160
R936,Injury needs urgent help,medical,0.83,49,23.1355,72.6354,2026-04-26 13:15:04.404168
R937,Students affected,education,0.97,58,23.1528,72.6454,2026-04-26 10:15:04.404223
R938,Injury needs urgent help,medical,0.67,121,23.0832,72.6319,2026-04-27 08:15:04.404238
R939,Houses damaged,shelter,0.97,76,23.0253,72.6549,2026-04-25 04:15:04.404248
R940,People starving,food,0.92,51,23.1709,72.6615,2026-04-26 18:15:04.404256
R941,Injury needs urgent help,medical,0.79,43,23.0292,72.6532,2026-04-27 21:15:04.404264
R942,No drinking water,water,0.98,125,23.1937,72.6525,2026-04-28 06:15:04.404272
R943,Patient critical,medical,0.77,92,23.0198,72.5007,2026-04-27 14:15:04.404280
R944,Water shortage,water,0.7,83,23.1156,72.5763,2026-04-24 12:15:04.404287
R945,People homeless,shelter,0.96,52,23.0307,72.6106,2026-04-27 08:15:04.404301
R946,Injury needs urgent help,medical,0.85,94,23.0671,72.5419,2026-04-25 09:15:04.404308
R947,Need clean water,water,0.79,107,23.0118,72.5241,2026-04-25 05:15:04.404316
R948,Injury needs urgent help,medical,0.74,67,23.1109,72.6047,2026-04-27 16:15:04.404323
R949,Injury needs urgent help,medical,0.62,137,23.1794,72.6854,2026-04-28 05:15:04.404331
R950,No food for 1 days,food,0.8,49,23.1586,72.5041,2026-04-28 07:15:04.404339
R951,Need shelter after rain,shelter,0.65,142,23.154,72.6282,2026-04-27 14:15:04.404345
R952,Water shortage,water,0.98,13,23.1842,72.5693,2026-04-28 02:15:04.404352
R953,No electricity in school,education,0.71,97,23.0644,72.5003,2026-04-25 11:15:04.404358
R954,Houses damaged,shelter,0.96,43,23.1507,72.5349,2026-04-25 22:15:04.404364
R955,Need shelter after rain,shelter,0.62,69,23.1853,72.5855,2026-04-27 06:15:04.404369
R956,People starving,food,0.76,68,23.0537,72.606,2026-04-27 22:15:04.404376
R957,Need clean water,water,0.78,99,23.0519,72.6423,2026-04-25 14:15:04.404381
R958,Need clean water,water,0.69,114,23.1927,72.5197,2026-04-27 22:15:04.404386
R959,Patient critical,medical,0.93,97,23.0908,72.5446,2026-04-28 08:15:04.404391
R960,People homeless,shelter,0.79,141,23.0598,72.6914,2026-04-27 01:15:04.404396
R961,Injury needs urgent help,medical,0.71,43,23.0629,72.6448,2026-04-25 14:15:04.404404
R962,Food shortage in area,food,0.86,126,23.0543,72.5425,2026-04-24 23:15:04.404409
R963,Medical emergency,medical,0.9,79,23.1716,72.5086,2026-04-28 01:15:04.404417
R964,School closed,education,0.76,75,23.1188,72.581,2026-04-26 08:15:04.404428
R965,Houses damaged,shelter,0.74,116,23.1925,72.6943,2026-04-27 22:15:04.404436
R966,Need shelter after rain,shelter,0.79,122,23.1956,72.6406,2026-04-24 10:15:04.404445
R967,Food shortage in area,food,0.8,126,23.0124,72.6449,2026-04-25 11:15:04.404457
R968,Students affected,education,0.94,28,23.1921,72.6059,2026-04-26 01:15:04.404463
R969,No electricity in school,education,0.81,112,23.1297,72.6498,2026-04-27 02:15:04.404468
R970,Houses damaged,shelter,0.93,128,23.0928,72.6807,2026-04-27 06:15:04.404473
R971,No electricity in school,education,0.82,96,23.0223,72.5011,2026-04-24 23:15:04.404479
R972,People homeless,shelter,0.66,125,23.0796,72.6945,2026-04-24 16:15:04.404484
R973,Food shortage in area,food,0.97,74,23.1776,72.5676,2026-04-27 04:15:04.404491
R974,Injury needs urgent help,medical,0.96,99,23.1262,72.6606,2026-04-26 10:15:04.404503
R975,Need clean water,water,0.64,142,23.189,72.681,2026-04-25 19:15:04.404509
R976,Water shortage,water,0.71,58,23.0713,72.6192,2026-04-24 12:15:04.404514
R977,Houses damaged,shelter,0.76,150,23.0128,72.5623,2026-04-24 13:15:04.404520
R978,No food for 2 days,food,0.95,5,23.1749,72.581,2026-04-27 09:15:04.404526
R979,No drinking water,water,0.86,22,23.1246,72.6898,2026-04-27 17:15:04.404531
R980,Need shelter after rain,shelter,0.65,16,23.0623,72.6229,2026-04-25 21:15:04.404537
R981,Houses damaged,shelter,0.6,133,23.1155,72.5103,2026-04-25 19:15:04.404544
R982,People starving,food,0.62,141,23.0156,72.5453,2026-04-27 05:15:04.404549
R983,No food for 1 days,food,0.96,80,23.0963,72.5413,2026-04-25 09:15:04.404556
R984,People starving,food,0.95,104,23.0644,72.594,2026-04-27 16:15:04.404562
R985,Injury needs urgent help,medical,0.82,57,23.1421,72.5013,2026-04-27 08:15:04.404567
R986,School closed,education,0.96,4,23.1701,72.5383,2026-04-25 14:15:04.404572
R987,Need shelter after rain,shelter,0.65,27,23.064,72.5201,2026-04-28 06:15:04.404578
R988,Injury needs urgent help,medical,0.99,53,23.089,72.5295,2026-04-24 07:15:04.404584
R989,Need shelter after rain,shelter,0.91,122,23.0661,72.5264,2026-04-24 07:15:04.404589
R990,Patient critical,medical,0.88,126,23.0779,72.6634,2026-04-24 18:15:04.404595
R991,No drinking water,water,0.79,138,23.1863,72.5289,2026-04-27 01:15:04.404600
R992,People homeless,shelter,0.76,94,23.1048,72.5639,2026-04-25 14:15:04.404605
R993,Food shortage in area,food,0.9,101,23.1997,72.5812,2026-04-25 01:15:04.404611
R994,People homeless,shelter,0.99,12,23.1211,72.5557,2026-04-25 16:15:04.404616
R995,Houses damaged,shelter,0.82,115,23.1446,72.6834,2026-04-25 03:15:04.404621
R996,No electricity in school,education,0.87,21,23.1414,72.6014,2026-04-26 11:15:04.404626
R997,Medical emergency,medical,0.97,103,23.0032,72.6373,2026-04-28 04:15:04.404632
R998,Medical emergency,medical,0.62,31,23.088,72.6546,2026-04-26 10:15:04.404637
R999,No electricity in school,education,0.89,56,23.0055,72.6028,2026-04-26 14:15:04.404645
R1000,Need clean water,water,0.69,46,23.0992,72.6352,2026-04-27 01:15:04.404652
